sim_timestamp,sim_damage_timestamp,sim_name,sim_potency,sim_weight,Auto,Contre Sixte,Corps-a-corps,Enchanted Redoublement,Enchanted Riposte,Enchanted Zwerchhau,Engagement,Fleche,Grand Impact,Jolt III,Prefulgence,Resolution,Scorch,Veraero III,Verfire,Verflare,Verholy,Verstone,Verthunder III,Vice of Thorns
-510,750,Veraero III,440,1.0,0,0,0,0,0,0,0,0,0,0,0,0,0,440,0,0,0,0,0,0
90,850,Verthunder III,440,1.0,0,0,0,0,0,0,0,0,0,0,0,0,0,440,0,0,0,0,440,0
750,1282,Auto,90,1.0,90,0,0,0,0,0,0,0,0,0,0,0,0,440,0,0,0,0,440,0
2580,3340,Veraero III,440,1.0,90,0,0,0,0,0,0,0,0,0,0,0,0,880,0,0,0,0,440,0
4190,4722,Auto,90,1.0,180,0,0,0,0,0,0,0,0,0,0,0,0,880,0,0,0,0,440,0
3980,5140,Fleche,480,1.0,180,0,0,0,0,0,0,480,0,0,0,0,0,880,0,0,0,0,440,0
5070,5830,Veraero III,440,1.0,180,0,0,0,0,0,0,480,0,0,0,0,0,1320,0,0,0,0,440,0
7630,8162,Auto,90,1.0,270,0,0,0,0,0,0,480,0,0,0,0,0,1320,0,0,0,0,440,0
7560,8190,Enchanted Riposte,340,1.0,270,0,0,0,340,0,0,480,0,0,0,0,0,1320,0,0,0,0,440,0
8260,9420,Contre Sixte,420,1.0,270,420,0,0,340,0,0,480,0,0,0,0,0,1320,0,0,0,0,440,0
9060,9690,Enchanted Zwerchhau,380,1.0,270,420,0,0,340,380,0,480,0,0,0,0,0,1320,0,0,0,0,440,0
9760,10390,Corps-a-corps,130,1.0,270,420,130,0,340,380,0,480,0,0,0,0,0,1320,0,0,0,0,440,0
10560,11190,Enchanted Redoublement,560,1.0,270,420,130,560,340,380,0,480,0,0,0,0,0,1320,0,0,0,0,440,0
11070,11602,Auto,90,1.0,360,420,130,560,340,380,0,480,0,0,0,0,0,1320,0,0,0,0,440,0
11260,11840,Engagement,180,1.0,360,420,130,560,340,380,180,480,0,0,0,0,0,1320,0,0,0,0,440,0
11960,12590,Corps-a-corps,130,1.0,360,420,260,560,340,380,180,480,0,0,0,0,0,1320,0,0,0,0,440,0
12760,14190,Verflare,650,1.0,360,420,260,560,340,380,180,480,0,0,0,0,0,1320,0,650,0,0,440,0
13460,14880,Prefulgence,1200,1.0,360,420,260,560,340,380,180,480,0,0,1200,0,0,1320,0,650,0,0,440,0
14510,15042,Auto,90,1.0,450,420,260,560,340,380,180,480,0,0,1200,0,0,1320,0,650,0,0,440,0
15950,16750,Vice of Thorns,950,1.0,450,420,260,560,340,380,180,480,0,0,1200,0,0,1320,0,650,0,0,440,950
15250,17080,Scorch,750,1.0,450,420,260,560,340,380,180,480,0,0,1200,0,750,1320,0,650,0,0,440,950
17950,18482,Auto,90,1.0,540,420,260,560,340,380,180,480,0,0,1200,0,750,1320,0,650,0,0,440,950
18440,19020,Engagement,180,1.0,540,420,260,560,340,380,360,480,0,0,1200,0,750,1320,0,650,0,0,440,950
17740,19300,Resolution,850,1.0,540,420,260,560,340,380,360,480,0,0,1200,850,750,1320,0,650,0,0,440,950
24211,25511,Verfire,380,1.0,540,420,260,560,340,380,360,480,0,0,1200,850,750,1320,380,650,0,0,440,950
25221,25753,Auto,90,1.0,630,420,260,560,340,380,360,480,0,0,1200,850,750,1320,380,650,0,0,440,950
24721,26280,Grand Impact,600,1.0,630,420,260,560,340,380,360,480,600,0,1200,850,750,1320,380,650,0,0,440,950
27701,28461,Verthunder III,440,1.0,630,420,260,560,340,380,360,480,600,0,1200,850,750,1320,380,650,0,0,880,950
28980,30140,Fleche,480,1.0,630,420,260,560,340,380,360,960,600,0,1200,850,750,1320,380,650,0,0,880,950
30201,30733,Auto,90,1.0,720,420,260,560,340,380,360,960,600,0,1200,850,750,1320,380,650,0,0,880,950
29701,30961,Verthunder III,440,1.0,720,420,260,560,340,380,360,960,600,0,1200,850,750,1320,380,650,0,0,1320,950
30191,30991,Verstone,380,1.0,720,420,260,560,340,380,360,960,600,0,1200,850,750,1320,380,650,0,380,1320,950
36661,37961,Verfire,380,1.0,720,420,260,560,340,380,360,960,600,0,1200,850,750,1320,760,650,0,380,1320,950
37670,38202,Auto,90,1.0,810,420,260,560,340,380,360,960,600,0,1200,850,750,1320,760,650,0,380,1320,950
37170,38430,Veraero III,440,1.0,810,420,260,560,340,380,360,960,600,0,1200,850,750,1760,760,650,0,380,1320,950
40151,41701,Grand Impact,600,1.0,810,420,260,560,340,380,360,960,1200,0,1200,850,750,1760,760,650,0,380,1320,950
42651,43183,Auto,90,1.0,900,420,260,560,340,380,360,960,1200,0,1200,850,750,1760,760,650,0,380,1320,950
42641,43401,Veraero III,440,1.0,900,420,260,560,340,380,360,960,1200,0,1200,850,750,2200,760,650,0,380,1320,950
42151,43411,Verthunder III,440,1.0,900,420,260,560,340,380,360,960,1200,0,1200,850,750,2200,760,650,0,380,1760,950
43341,44501,Contre Sixte,420,1.0,900,840,260,560,340,380,360,960,1200,0,1200,850,750,2200,760,650,0,380,1760,950
45131,45931,Verstone,380,1.0,900,840,260,560,340,380,360,960,1200,0,1200,850,750,2200,760,650,0,760,1760,950
46091,46623,Auto,90,1.0,990,840,260,560,340,380,360,960,1200,0,1200,850,750,2200,760,650,0,760,1760,950
51601,52901,Verfire,380,1.0,990,840,260,560,340,380,360,960,1200,0,1200,850,750,2200,1140,650,0,760,1760,950
52611,53143,Auto,90,1.0,1080,840,260,560,340,380,360,960,1200,0,1200,850,750,2200,1140,650,0,760,1760,950
52111,53371,Veraero III,440,1.0,1080,840,260,560,340,380,360,960,1200,0,1200,850,750,2640,1140,650,0,760,1760,950
53980,55140,Fleche,480,1.0,1080,840,260,560,340,380,360,1440,1200,0,1200,850,750,2640,1140,650,0,760,1760,950
55091,55721,Enchanted Riposte,340,1.0,1080,840,260,560,680,380,360,1440,1200,0,1200,850,750,2640,1140,650,0,760,1760,950
56591,57221,Enchanted Zwerchhau,380,1.0,1080,840,260,560,680,760,360,1440,1200,0,1200,850,750,2640,1140,650,0,760,1760,950
57591,58123,Auto,90,1.0,1170,840,260,560,680,760,360,1440,1200,0,1200,850,750,2640,1140,650,0,760,1760,950
57091,58351,Veraero III,440,1.0,1170,840,260,560,680,760,360,1440,1200,0,1200,850,750,3080,1140,650,0,760,1760,950
58091,58721,Enchanted Redoublement,560,1.0,1170,840,260,1120,680,760,360,1440,1200,0,1200,850,750,3080,1140,650,0,760,1760,950
61031,61563,Auto,90,1.0,1260,840,260,1120,680,760,360,1440,1200,0,1200,850,750,3080,1140,650,0,760,1760,950
60291,61721,Verflare,650,1.0,1260,840,260,1120,680,760,360,1440,1200,0,1200,850,750,3080,1140,1300,0,760,1760,950
62781,64611,Scorch,750,1.0,1260,840,260,1120,680,760,360,1440,1200,0,1200,850,1500,3080,1140,1300,0,760,1760,950
64471,65003,Auto,90,1.0,1350,840,260,1120,680,760,360,1440,1200,0,1200,850,1500,3080,1140,1300,0,760,1760,950
65971,66601,Corps-a-corps,130,1.0,1350,840,390,1120,680,760,360,1440,1200,0,1200,850,1500,3080,1140,1300,0,760,1760,950
65271,66831,Resolution,850,1.0,1350,840,390,1120,680,760,360,1440,1200,0,1200,1700,1500,3080,1140,1300,0,760,1760,950
66771,67351,Engagement,180,1.0,1350,840,390,1120,680,760,540,1440,1200,0,1200,1700,1500,3080,1140,1300,0,760,1760,950
67911,68443,Auto,90,1.0,1440,840,390,1120,680,760,540,1440,1200,0,1200,1700,1500,3080,1140,1300,0,760,1760,950
67761,68561,Verfire,380,1.0,1440,840,390,1120,680,760,540,1440,1200,0,1200,1700,1500,3080,1520,1300,0,760,1760,950
74232,75532,Verstone,380,1.0,1440,840,390,1120,680,760,540,1440,1200,0,1200,1700,1500,3080,1520,1300,0,1140,1760,950
75242,75774,Auto,90,1.0,1530,840,390,1120,680,760,540,1440,1200,0,1200,1700,1500,3080,1520,1300,0,1140,1760,950
74742,76002,Veraero III,440,1.0,1530,840,390,1120,680,760,540,1440,1200,0,1200,1700,1500,3520,1520,1300,0,1140,1760,950
77722,78482,Verthunder III,440,1.0,1530,840,390,1120,680,760,540,1440,1200,0,1200,1700,1500,3520,1520,1300,0,1140,2200,950
78422,79582,Contre Sixte,420,1.0,1530,1260,390,1120,680,760,540,1440,1200,0,1200,1700,1500,3520,1520,1300,0,1140,2200,950
79122,80282,Fleche,480,1.0,1530,1260,390,1120,680,760,540,1920,1200,0,1200,1700,1500,3520,1520,1300,0,1140,2200,950
80222,80754,Auto,90,1.0,1620,1260,390,1120,680,760,540,1920,1200,0,1200,1700,1500,3520,1520,1300,0,1140,2200,950
79722,80982,Veraero III,440,1.0,1620,1260,390,1120,680,760,540,1920,1200,0,1200,1700,1500,3960,1520,1300,0,1140,2200,950
80212,81012,Verstone,380,1.0,1620,1260,390,1120,680,760,540,1920,1200,0,1200,1700,1500,3960,1520,1300,0,1520,2200,950
86682,87982,Verfire,380,1.0,1620,1260,390,1120,680,760,540,1920,1200,0,1200,1700,1500,3960,1900,1300,0,1520,2200,950
87692,88224,Auto,90,1.0,1710,1260,390,1120,680,760,540,1920,1200,0,1200,1700,1500,3960,1900,1300,0,1520,2200,950
87192,88452,Veraero III,440,1.0,1710,1260,390,1120,680,760,540,1920,1200,0,1200,1700,1500,4400,1900,1300,0,1520,2200,950
90172,90972,Verfire,380,1.0,1710,1260,390,1120,680,760,540,1920,1200,0,1200,1700,1500,4400,2280,1300,0,1520,2200,950
92672,93204,Auto,90,1.0,1800,1260,390,1120,680,760,540,1920,1200,0,1200,1700,1500,4400,2280,1300,0,1520,2200,950
92172,93432,Verthunder III,440,1.0,1800,1260,390,1120,680,760,540,1920,1200,0,1200,1700,1500,4400,2280,1300,0,1520,2640,950
96642,97942,Verstone,380,1.0,1800,1260,390,1120,680,760,540,1920,1200,0,1200,1700,1500,4400,2280,1300,0,1900,2640,950
97652,98184,Auto,90,1.0,1890,1260,390,1120,680,760,540,1920,1200,0,1200,1700,1500,4400,2280,1300,0,1900,2640,950
97152,98412,Veraero III,440,1.0,1890,1260,390,1120,680,760,540,1920,1200,0,1200,1700,1500,4840,2280,1300,0,1900,2640,950
100132,100932,Verfire,380,1.0,1890,1260,390,1120,680,760,540,1920,1200,0,1200,1700,1500,4840,2660,1300,0,1900,2640,950
102632,103164,Auto,90,1.0,1980,1260,390,1120,680,760,540,1920,1200,0,1200,1700,1500,4840,2660,1300,0,1900,2640,950
102132,103392,Verthunder III,440,1.0,1980,1260,390,1120,680,760,540,1920,1200,0,1200,1700,1500,4840,2660,1300,0,1900,3080,950
104122,105282,Fleche,480,1.0,1980,1260,390,1120,680,760,540,2400,1200,0,1200,1700,1500,4840,2660,1300,0,1900,3080,950
107602,108362,Veraero III,440,1.0,1980,1260,390,1120,680,760,540,2400,1200,0,1200,1700,1500,5280,2660,1300,0,1900,3080,950
107112,108372,Veraero III,440,1.0,1980,1260,390,1120,680,760,540,2400,1200,0,1200,1700,1500,5720,2660,1300,0,1900,3080,950
110102,110634,Auto,90,1.0,2070,1260,390,1120,680,760,540,2400,1200,0,1200,1700,1500,5720,2660,1300,0,1900,3080,950
110092,110722,Enchanted Riposte,340,1.0,2070,1260,390,1120,1020,760,540,2400,1200,0,1200,1700,1500,5720,2660,1300,0,1900,3080,950
109602,111161,Grand Impact,600,1.0,2070,1260,390,1120,1020,760,540,2400,1800,0,1200,1700,1500,5720,2660,1300,0,1900,3080,950
111592,112222,Enchanted Zwerchhau,380,1.0,2070,1260,390,1120,1020,1140,540,2400,1800,0,1200,1700,1500,5720,2660,1300,0,1900,3080,950
113092,113722,Enchanted Redoublement,560,1.0,2070,1260,390,1680,1020,1140,540,2400,1800,0,1200,1700,1500,5720,2660,1300,0,1900,3080,950
113542,114074,Auto,90,1.0,2160,1260,390,1680,1020,1140,540,2400,1800,0,1200,1700,1500,5720,2660,1300,0,1900,3080,950
113792,114952,Contre Sixte,420,1.0,2160,1680,390,1680,1020,1140,540,2400,1800,0,1200,1700,1500,5720,2660,1300,0,1900,3080,950
115292,116722,Verholy,650,1.0,2160,1680,390,1680,1020,1140,540,2400,1800,0,1200,1700,1500,5720,2660,1300,650,1900,3080,950
116982,117514,Auto,90,1.0,2250,1680,390,1680,1020,1140,540,2400,1800,0,1200,1700,1500,5720,2660,1300,650,1900,3080,950
117782,119612,Scorch,750,1.0,2250,1680,390,1680,1020,1140,540,2400,1800,0,1200,1700,2250,5720,2660,1300,650,1900,3080,950
120422,120954,Auto,90,1.0,2340,1680,390,1680,1020,1140,540,2400,1800,0,1200,1700,2250,5720,2660,1300,650,1900,3080,950
120273,121833,Resolution,850,1.0,2340,1680,390,1680,1020,1140,540,2400,1800,0,1200,2550,2250,5720,2660,1300,650,1900,3080,950
122763,123393,Enchanted Riposte,340,1.0,2340,1680,390,1680,1360,1140,540,2400,1800,0,1200,2550,2250,5720,2660,1300,650,1900,3080,950
123862,124394,Auto,90,1.0,2430,1680,390,1680,1360,1140,540,2400,1800,0,1200,2550,2250,5720,2660,1300,650,1900,3080,950
124263,124893,Enchanted Zwerchhau,380,1.0,2430,1680,390,1680,1360,1520,540,2400,1800,0,1200,2550,2250,5720,2660,1300,650,1900,3080,950
125763,126393,Enchanted Redoublement,560,1.0,2430,1680,390,2240,1360,1520,540,2400,1800,0,1200,2550,2250,5720,2660,1300,650,1900,3080,950
127163,127793,Corps-a-corps,130,1.0,2430,1680,520,2240,1360,1520,540,2400,1800,0,1200,2550,2250,5720,2660,1300,650,1900,3080,950
127302,127834,Auto,90,1.0,2520,1680,520,2240,1360,1520,540,2400,1800,0,1200,2550,2250,5720,2660,1300,650,1900,3080,950
128663,129243,Engagement,180,1.0,2520,1680,520,2240,1360,1520,720,2400,1800,0,1200,2550,2250,5720,2660,1300,650,1900,3080,950
127963,129393,Verflare,650,1.0,2520,1680,520,2240,1360,1520,720,2400,1800,0,1200,2550,2250,5720,2660,1950,650,1900,3080,950
129363,130523,Fleche,480,1.0,2520,1680,520,2240,1360,1520,720,2880,1800,0,1200,2550,2250,5720,2660,1950,650,1900,3080,950
130742,131274,Auto,90,1.0,2610,1680,520,2240,1360,1520,720,2880,1800,0,1200,2550,2250,5720,2660,1950,650,1900,3080,950
130453,132283,Scorch,750,1.0,2610,1680,520,2240,1360,1520,720,2880,1800,0,1200,2550,3000,5720,2660,1950,650,1900,3080,950
131853,132483,Corps-a-corps,130,1.0,2610,1680,650,2240,1360,1520,720,2880,1800,0,1200,2550,3000,5720,2660,1950,650,1900,3080,950
131153,132573,Prefulgence,1200,1.0,2610,1680,650,2240,1360,1520,720,2880,1800,0,2400,2550,3000,5720,2660,1950,650,1900,3080,950
133643,134443,Vice of Thorns,950,1.0,2610,1680,650,2240,1360,1520,720,2880,1800,0,2400,2550,3000,5720,2660,1950,650,1900,3080,1900
132943,134503,Resolution,850,1.0,2610,1680,650,2240,1360,1520,720,2880,1800,0,2400,3400,3000,5720,2660,1950,650,1900,3080,1900
134182,134714,Auto,90,1.0,2700,1680,650,2240,1360,1520,720,2880,1800,0,2400,3400,3000,5720,2660,1950,650,1900,3080,1900
134343,134923,Engagement,180,1.0,2700,1680,650,2240,1360,1520,900,2880,1800,0,2400,3400,3000,5720,2660,1950,650,1900,3080,1900
135433,136063,Enchanted Riposte,340,1.0,2700,1680,650,2240,1700,1520,900,2880,1800,0,2400,3400,3000,5720,2660,1950,650,1900,3080,1900
136933,137563,Enchanted Zwerchhau,380,1.0,2700,1680,650,2240,1700,1900,900,2880,1800,0,2400,3400,3000,5720,2660,1950,650,1900,3080,1900
137622,138154,Auto,90,1.0,2790,1680,650,2240,1700,1900,900,2880,1800,0,2400,3400,3000,5720,2660,1950,650,1900,3080,1900
138433,139063,Enchanted Redoublement,560,1.0,2790,1680,650,2800,1700,1900,900,2880,1800,0,2400,3400,3000,5720,2660,1950,650,1900,3080,1900
141062,141594,Auto,90,1.0,2880,1680,650,2800,1700,1900,900,2880,1800,0,2400,3400,3000,5720,2660,1950,650,1900,3080,1900
140633,142063,Verflare,650,1.0,2880,1680,650,2800,1700,1900,900,2880,1800,0,2400,3400,3000,5720,2660,2600,650,1900,3080,1900
143123,144953,Scorch,750,1.0,2880,1680,650,2800,1700,1900,900,2880,1800,0,2400,3400,3750,5720,2660,2600,650,1900,3080,1900
144502,145034,Auto,90,1.0,2970,1680,650,2800,1700,1900,900,2880,1800,0,2400,3400,3750,5720,2660,2600,650,1900,3080,1900
145613,147173,Resolution,850,1.0,2970,1680,650,2800,1700,1900,900,2880,1800,0,2400,4250,3750,5720,2660,2600,650,1900,3080,1900
147942,148474,Auto,90,1.0,3060,1680,650,2800,1700,1900,900,2880,1800,0,2400,4250,3750,5720,2660,2600,650,1900,3080,1900
148103,148863,Veraero III,440,1.0,3060,1680,650,2800,1700,1900,900,2880,1800,0,2400,4250,3750,6160,2660,2600,650,1900,3080,1900
148803,149963,Contre Sixte,420,1.0,3060,2100,650,2800,1700,1900,900,2880,1800,0,2400,4250,3750,6160,2660,2600,650,1900,3080,1900
152583,153115,Auto,90,1.0,3150,2100,650,2800,1700,1900,900,2880,1800,0,2400,4250,3750,6160,2660,2600,650,1900,3080,1900
152083,153383,Verstone,380,1.0,3150,2100,650,2800,1700,1900,900,2880,1800,0,2400,4250,3750,6160,2660,2600,650,2280,3080,1900
153083,153843,Veraero III,440,1.0,3150,2100,650,2800,1700,1900,900,2880,1800,0,2400,4250,3750,6600,2660,2600,650,2280,3080,1900
154363,155523,Fleche,480,1.0,3150,2100,650,2800,1700,1900,900,3360,1800,0,2400,4250,3750,6600,2660,2600,650,2280,3080,1900
157563,158095,Auto,90,1.0,3240,2100,650,2800,1700,1900,900,3360,1800,0,2400,4250,3750,6600,2660,2600,650,2280,3080,1900
157063,158363,Verstone,380,1.0,3240,2100,650,2800,1700,1900,900,3360,1800,0,2400,4250,3750,6600,2660,2600,650,2660,3080,1900
158063,158823,Veraero III,440,1.0,3240,2100,650,2800,1700,1900,900,3360,1800,0,2400,4250,3750,7040,2660,2600,650,2660,3080,1900
162543,163075,Auto,90,1.0,3330,2100,650,2800,1700,1900,900,3360,1800,0,2400,4250,3750,7040,2660,2600,650,2660,3080,1900
162043,163343,Verfire,380,1.0,3330,2100,650,2800,1700,1900,900,3360,1800,0,2400,4250,3750,7040,3040,2600,650,2660,3080,1900
163043,163803,Verthunder III,440,1.0,3330,2100,650,2800,1700,1900,900,3360,1800,0,2400,4250,3750,7040,3040,2600,650,2660,3520,1900
165533,166293,Verthunder III,440,1.0,3330,2100,650,2800,1700,1900,900,3360,1800,0,2400,4250,3750,7040,3040,2600,650,2660,3960,1900
165983,166515,Auto,90,1.0,3420,2100,650,2800,1700,1900,900,3360,1800,0,2400,4250,3750,7040,3040,2600,650,2660,3960,1900
168024,169574,Grand Impact,600,1.0,3420,2100,650,2800,1700,1900,900,3360,2400,0,2400,4250,3750,7040,3040,2600,650,2660,3960,1900
169423,169955,Auto,90,1.0,3510,2100,650,2800,1700,1900,900,3360,2400,0,2400,4250,3750,7040,3040,2600,650,2660,3960,1900
172004,173304,Jolt III,360,1.0,3510,2100,650,2800,1700,1900,900,3360,2400,360,2400,4250,3750,7040,3040,2600,650,2660,3960,1900
172863,173395,Auto,90,1.0,3600,2100,650,2800,1700,1900,900,3360,2400,360,2400,4250,3750,7040,3040,2600,650,2660,3960,1900
173004,173764,Verthunder III,440,1.0,3600,2100,650,2800,1700,1900,900,3360,2400,360,2400,4250,3750,7040,3040,2600,650,2660,4400,1900
175494,176254,Veraero III,440,1.0,3600,2100,650,2800,1700,1900,900,3360,2400,360,2400,4250,3750,7480,3040,2600,650,2660,4400,1900
176194,176824,Corps-a-corps,130,1.0,3600,2100,780,2800,1700,1900,900,3360,2400,360,2400,4250,3750,7480,3040,2600,650,2660,4400,1900
176303,176835,Auto,90,1.0,3690,2100,780,2800,1700,1900,900,3360,2400,360,2400,4250,3750,7480,3040,2600,650,2660,4400,1900
176994,177574,Engagement,180,1.0,3690,2100,780,2800,1700,1900,1080,3360,2400,360,2400,4250,3750,7480,3040,2600,650,2660,4400,1900
179363,180523,Fleche,480,1.0,3690,2100,780,2800,1700,1900,1080,3840,2400,360,2400,4250,3750,7480,3040,2600,650,2660,4400,1900
181964,183264,Verstone,380,1.0,3690,2100,780,2800,1700,1900,1080,3840,2400,360,2400,4250,3750,7480,3040,2600,650,3040,4400,1900
182974,183506,Auto,90,1.0,3780,2100,780,2800,1700,1900,1080,3840,2400,360,2400,4250,3750,7480,3040,2600,650,3040,4400,1900
182474,184033,Grand Impact,600,1.0,3780,2100,780,2800,1700,1900,1080,3840,3000,360,2400,4250,3750,7480,3040,2600,650,3040,4400,1900
183803,184963,Contre Sixte,420,1.0,3780,2520,780,2800,1700,1900,1080,3840,3000,360,2400,4250,3750,7480,3040,2600,650,3040,4400,1900
185454,186084,Enchanted Riposte,340,1.0,3780,2520,780,2800,2040,1900,1080,3840,3000,360,2400,4250,3750,7480,3040,2600,650,3040,4400,1900
186954,187584,Enchanted Zwerchhau,380,1.0,3780,2520,780,2800,2040,2280,1080,3840,3000,360,2400,4250,3750,7480,3040,2600,650,3040,4400,1900
187954,188486,Auto,90,1.0,3870,2520,780,2800,2040,2280,1080,3840,3000,360,2400,4250,3750,7480,3040,2600,650,3040,4400,1900
187454,188714,Veraero III,440,1.0,3870,2520,780,2800,2040,2280,1080,3840,3000,360,2400,4250,3750,7920,3040,2600,650,3040,4400,1900
188454,189084,Enchanted Redoublement,560,1.0,3870,2520,780,3360,2040,2280,1080,3840,3000,360,2400,4250,3750,7920,3040,2600,650,3040,4400,1900
191394,191926,Auto,90,1.0,3960,2520,780,3360,2040,2280,1080,3840,3000,360,2400,4250,3750,7920,3040,2600,650,3040,4400,1900
190654,192084,Verflare,650,1.0,3960,2520,780,3360,2040,2280,1080,3840,3000,360,2400,4250,3750,7920,3040,3250,650,3040,4400,1900
193144,194974,Scorch,750,1.0,3960,2520,780,3360,2040,2280,1080,3840,3000,360,2400,4250,4500,7920,3040,3250,650,3040,4400,1900
194834,195366,Auto,90,1.0,4050,2520,780,3360,2040,2280,1080,3840,3000,360,2400,4250,4500,7920,3040,3250,650,3040,4400,1900
195634,197194,Resolution,850,1.0,4050,2520,780,3360,2040,2280,1080,3840,3000,360,2400,5100,4500,7920,3040,3250,650,3040,4400,1900
198274,198806,Auto,90,1.0,4140,2520,780,3360,2040,2280,1080,3840,3000,360,2400,5100,4500,7920,3040,3250,650,3040,4400,1900
198124,198924,Verstone,380,1.0,4140,2520,780,3360,2040,2280,1080,3840,3000,360,2400,5100,4500,7920,3040,3250,650,3420,4400,1900
204594,205894,Verfire,380,1.0,4140,2520,780,3360,2040,2280,1080,3840,3000,360,2400,5100,4500,7920,3420,3250,650,3420,4400,1900
205604,206136,Auto,90,1.0,4230,2520,780,3360,2040,2280,1080,3840,3000,360,2400,5100,4500,7920,3420,3250,650,3420,4400,1900
205104,206364,Veraero III,440,1.0,4230,2520,780,3360,2040,2280,1080,3840,3000,360,2400,5100,4500,8360,3420,3250,650,3420,4400,1900
206294,207454,Fleche,480,1.0,4230,2520,780,3360,2040,2280,1080,4320,3000,360,2400,5100,4500,8360,3420,3250,650,3420,4400,1900
208084,208844,Veraero III,440,1.0,4230,2520,780,3360,2040,2280,1080,4320,3000,360,2400,5100,4500,8800,3420,3250,650,3420,4400,1900
210584,211116,Auto,90,1.0,4320,2520,780,3360,2040,2280,1080,4320,3000,360,2400,5100,4500,8800,3420,3250,650,3420,4400,1900
210084,211344,Verthunder III,440,1.0,4320,2520,780,3360,2040,2280,1080,4320,3000,360,2400,5100,4500,8800,3420,3250,650,3420,4840,1900
210574,211374,Jolt III,360,1.0,4320,2520,780,3360,2040,2280,1080,4320,3000,720,2400,5100,4500,8800,3420,3250,650,3420,4840,1900
217044,218344,Verfire,380,1.0,4320,2520,780,3360,2040,2280,1080,4320,3000,720,2400,5100,4500,8800,3800,3250,650,3420,4840,1900
218054,218586,Auto,90,1.0,4410,2520,780,3360,2040,2280,1080,4320,3000,720,2400,5100,4500,8800,3800,3250,650,3420,4840,1900
217554,218814,Verthunder III,440,1.0,4410,2520,780,3360,2040,2280,1080,4320,3000,720,2400,5100,4500,8800,3800,3250,650,3420,5280,1900
218803,219963,Contre Sixte,420,1.0,4410,2940,780,3360,2040,2280,1080,4320,3000,720,2400,5100,4500,8800,3800,3250,650,3420,5280,1900
220535,221335,Verstone,380,1.0,4410,2940,780,3360,2040,2280,1080,4320,3000,720,2400,5100,4500,8800,3800,3250,650,3800,5280,1900
223035,223567,Auto,90,1.0,4500,2940,780,3360,2040,2280,1080,4320,3000,720,2400,5100,4500,8800,3800,3250,650,3800,5280,1900
222535,223795,Veraero III,440,1.0,4500,2940,780,3360,2040,2280,1080,4320,3000,720,2400,5100,4500,9240,3800,3250,650,3800,5280,1900
225515,226275,Veraero III,440,1.0,4500,2940,780,3360,2040,2280,1080,4320,3000,720,2400,5100,4500,9680,3800,3250,650,3800,5280,1900
226215,226845,Corps-a-corps,130,1.0,4500,2940,910,3360,2040,2280,1080,4320,3000,720,2400,5100,4500,9680,3800,3250,650,3800,5280,1900
227015,227595,Engagement,180,1.0,4500,2940,910,3360,2040,2280,1260,4320,3000,720,2400,5100,4500,9680,3800,3250,650,3800,5280,1900
228015,228547,Auto,90,1.0,4590,2940,910,3360,2040,2280,1260,4320,3000,720,2400,5100,4500,9680,3800,3250,650,3800,5280,1900
227515,228775,Verthunder III,440,1.0,4590,2940,910,3360,2040,2280,1260,4320,3000,720,2400,5100,4500,9680,3800,3250,650,3800,5720,1900
229495,230795,Verstone,380,1.0,4590,2940,910,3360,2040,2280,1260,4320,3000,720,2400,5100,4500,9680,3800,3250,650,4180,5720,1900
230495,231255,Verthunder III,440,1.0,4590,2940,910,3360,2040,2280,1260,4320,3000,720,2400,5100,4500,9680,3800,3250,650,4180,6160,1900
231455,231987,Auto,90,1.0,4680,2940,910,3360,2040,2280,1260,4320,3000,720,2400,5100,4500,9680,3800,3250,650,4180,6160,1900
231294,232454,Fleche,480,1.0,4680,2940,910,3360,2040,2280,1260,4800,3000,720,2400,5100,4500,9680,3800,3250,650,4180,6160,1900
236965,238265,Jolt III,360,1.0,4680,2940,910,3360,2040,2280,1260,4800,3000,1080,2400,5100,4500,9680,3800,3250,650,4180,6160,1900
237975,238507,Auto,90,1.0,4770,2940,910,3360,2040,2280,1260,4800,3000,1080,2400,5100,4500,9680,3800,3250,650,4180,6160,1900
237475,239034,Grand Impact,600,1.0,4770,2940,910,3360,2040,2280,1260,4800,3600,1080,2400,5100,4500,9680,3800,3250,650,4180,6160,1900
240455,241255,Verfire,380,1.0,4770,2940,910,3360,2040,2280,1260,4800,3600,1080,2400,5100,4500,9680,4180,3250,650,4180,6160,1900
242955,243487,Auto,90,1.0,4860,2940,910,3360,2040,2280,1260,4800,3600,1080,2400,5100,4500,9680,4180,3250,650,4180,6160,1900
242945,243575,Enchanted Riposte,340,1.0,4860,2940,910,3360,2380,2280,1260,4800,3600,1080,2400,5100,4500,9680,4180,3250,650,4180,6160,1900
242455,243715,Verthunder III,440,1.0,4860,2940,910,3360,2380,2280,1260,4800,3600,1080,2400,5100,4500,9680,4180,3250,650,4180,6600,1900
244445,245075,Enchanted Zwerchhau,380,1.0,4860,2940,910,3360,2380,2660,1260,4800,3600,1080,2400,5100,4500,9680,4180,3250,650,4180,6600,1900
245945,246575,Enchanted Redoublement,560,1.0,4860,2940,910,3920,2380,2660,1260,4800,3600,1080,2400,5100,4500,9680,4180,3250,650,4180,6600,1900
246395,246927,Auto,90,1.0,4950,2940,910,3920,2380,2660,1260,4800,3600,1080,2400,5100,4500,9680,4180,3250,650,4180,6600,1900
247345,248765,Prefulgence,1200,1.0,4950,2940,910,3920,2380,2660,1260,4800,3600,1080,3600,5100,4500,9680,4180,3250,650,4180,6600,1900
248845,249475,Corps-a-corps,130,1.0,4950,2940,1040,3920,2380,2660,1260,4800,3600,1080,3600,5100,4500,9680,4180,3250,650,4180,6600,1900
248145,249575,Verholy,650,1.0,4950,2940,1040,3920,2380,2660,1260,4800,3600,1080,3600,5100,4500,9680,4180,3250,1300,4180,6600,1900
249645,250225,Engagement,180,1.0,4950,2940,1040,3920,2380,2660,1440,4800,3600,1080,3600,5100,4500,9680,4180,3250,1300,4180,6600,1900
249835,250367,Auto,90,1.0,5040,2940,1040,3920,2380,2660,1440,4800,3600,1080,3600,5100,4500,9680,4180,3250,1300,4180,6600,1900
251335,252135,Vice of Thorns,950,1.0,5040,2940,1040,3920,2380,2660,1440,4800,3600,1080,3600,5100,4500,9680,4180,3250,1300,4180,6600,2850
250635,252465,Scorch,750,1.0,5040,2940,1040,3920,2380,2660,1440,4800,3600,1080,3600,5100,5250,9680,4180,3250,1300,4180,6600,2850
253275,253807,Auto,90,1.0,5130,2940,1040,3920,2380,2660,1440,4800,3600,1080,3600,5100,5250,9680,4180,3250,1300,4180,6600,2850
253125,254685,Resolution,850,1.0,5130,2940,1040,3920,2380,2660,1440,4800,3600,1080,3600,5950,5250,9680,4180,3250,1300,4180,6600,2850
253825,254985,Contre Sixte,420,1.0,5130,3360,1040,3920,2380,2660,1440,4800,3600,1080,3600,5950,5250,9680,4180,3250,1300,4180,6600,2850
255615,256245,Enchanted Riposte,340,1.0,5130,3360,1040,3920,2720,2660,1440,4800,3600,1080,3600,5950,5250,9680,4180,3250,1300,4180,6600,2850
256715,257247,Auto,90,1.0,5220,3360,1040,3920,2720,2660,1440,4800,3600,1080,3600,5950,5250,9680,4180,3250,1300,4180,6600,2850
256315,257475,Fleche,480,1.0,5220,3360,1040,3920,2720,2660,1440,5280,3600,1080,3600,5950,5250,9680,4180,3250,1300,4180,6600,2850
257115,257745,Enchanted Zwerchhau,380,1.0,5220,3360,1040,3920,2720,3040,1440,5280,3600,1080,3600,5950,5250,9680,4180,3250,1300,4180,6600,2850
258615,259245,Enchanted Redoublement,560,1.0,5220,3360,1040,4480,2720,3040,1440,5280,3600,1080,3600,5950,5250,9680,4180,3250,1300,4180,6600,2850
260155,260687,Auto,90,1.0,5310,3360,1040,4480,2720,3040,1440,5280,3600,1080,3600,5950,5250,9680,4180,3250,1300,4180,6600,2850
260815,262245,Verflare,650,1.0,5310,3360,1040,4480,2720,3040,1440,5280,3600,1080,3600,5950,5250,9680,4180,3900,1300,4180,6600,2850
263595,264127,Auto,90,1.0,5400,3360,1040,4480,2720,3040,1440,5280,3600,1080,3600,5950,5250,9680,4180,3900,1300,4180,6600,2850
263305,265135,Scorch,750,1.0,5400,3360,1040,4480,2720,3040,1440,5280,3600,1080,3600,5950,6000,9680,4180,3900,1300,4180,6600,2850
265795,267355,Resolution,850,1.0,5400,3360,1040,4480,2720,3040,1440,5280,3600,1080,3600,6800,6000,9680,4180,3900,1300,4180,6600,2850
267035,267567,Auto,90,1.0,5490,3360,1040,4480,2720,3040,1440,5280,3600,1080,3600,6800,6000,9680,4180,3900,1300,4180,6600,2850
270475,271007,Auto,90,1.0,5580,3360,1040,4480,2720,3040,1440,5280,3600,1080,3600,6800,6000,9680,4180,3900,1300,4180,6600,2850
269776,271076,Verstone,380,1.0,5580,3360,1040,4480,2720,3040,1440,5280,3600,1080,3600,6800,6000,9680,4180,3900,1300,4560,6600,2850
270776,271536,Veraero III,440,1.0,5580,3360,1040,4480,2720,3040,1440,5280,3600,1080,3600,6800,6000,10120,4180,3900,1300,4560,6600,2850
275256,275788,Auto,90,1.0,5670,3360,1040,4480,2720,3040,1440,5280,3600,1080,3600,6800,6000,10120,4180,3900,1300,4560,6600,2850
274756,276056,Verfire,380,1.0,5670,3360,1040,4480,2720,3040,1440,5280,3600,1080,3600,6800,6000,10120,4560,3900,1300,4560,6600,2850
275756,276516,Verthunder III,440,1.0,5670,3360,1040,4480,2720,3040,1440,5280,3600,1080,3600,6800,6000,10120,4560,3900,1300,4560,7040,2850
280236,280768,Auto,90,1.0,5760,3360,1040,4480,2720,3040,1440,5280,3600,1080,3600,6800,6000,10120,4560,3900,1300,4560,7040,2850
279736,281036,Verstone,380,1.0,5760,3360,1040,4480,2720,3040,1440,5280,3600,1080,3600,6800,6000,10120,4560,3900,1300,4940,7040,2850
280736,281496,Veraero III,440,1.0,5760,3360,1040,4480,2720,3040,1440,5280,3600,1080,3600,6800,6000,10560,4560,3900,1300,4940,7040,2850
281436,282596,Fleche,480,1.0,5760,3360,1040,4480,2720,3040,1440,5760,3600,1080,3600,6800,6000,10560,4560,3900,1300,4940,7040,2850
285216,285748,Auto,90,1.0,5850,3360,1040,4480,2720,3040,1440,5760,3600,1080,3600,6800,6000,10560,4560,3900,1300,4940,7040,2850
284716,286016,Verfire,380,1.0,5850,3360,1040,4480,2720,3040,1440,5760,3600,1080,3600,6800,6000,10560,4940,3900,1300,4940,7040,2850
285716,286476,Verthunder III,440,1.0,5850,3360,1040,4480,2720,3040,1440,5760,3600,1080,3600,6800,6000,10560,4940,3900,1300,4940,7480,2850
286416,286996,Engagement,180,1.0,5850,3360,1040,4480,2720,3040,1620,5760,3600,1080,3600,6800,6000,10560,4940,3900,1300,4940,7480,2850
288206,288966,Veraero III,440,1.0,5850,3360,1040,4480,2720,3040,1620,5760,3600,1080,3600,6800,6000,11000,4940,3900,1300,4940,7480,2850
288656,289188,Auto,90,1.0,5940,3360,1040,4480,2720,3040,1620,5760,3600,1080,3600,6800,6000,11000,4940,3900,1300,4940,7480,2850
288906,290066,Contre Sixte,420,1.0,5940,3780,1040,4480,2720,3040,1620,5760,3600,1080,3600,6800,6000,11000,4940,3900,1300,4940,7480,2850
292686,293218,Auto,90,1.0,6030,3780,1040,4480,2720,3040,1620,5760,3600,1080,3600,6800,6000,11000,4940,3900,1300,4940,7480,2850
292186,293486,Verfire,380,1.0,6030,3780,1040,4480,2720,3040,1620,5760,3600,1080,3600,6800,6000,11000,5320,3900,1300,4940,7480,2850
293186,293946,Verthunder III,440,1.0,6030,3780,1040,4480,2720,3040,1620,5760,3600,1080,3600,6800,6000,11000,5320,3900,1300,4940,7920,2850
299656,300956,Verstone,380,1.0,6030,3780,1040,4480,2720,3040,1620,5760,3600,1080,3600,6800,6000,11000,5320,3900,1300,5320,7920,2850
300666,301198,Auto,90,1.0,6120,3780,1040,4480,2720,3040,1620,5760,3600,1080,3600,6800,6000,11000,5320,3900,1300,5320,7920,2850
300166,301725,Grand Impact,600,1.0,6120,3780,1040,4480,2720,3040,1620,5760,4200,1080,3600,6800,6000,11000,5320,3900,1300,5320,7920,2850
301356,301986,Corps-a-corps,130,1.0,6120,3780,1170,4480,2720,3040,1620,5760,4200,1080,3600,6800,6000,11000,5320,3900,1300,5320,7920,2850
303146,303776,Enchanted Riposte,340,1.0,6120,3780,1170,4480,3060,3040,1620,5760,4200,1080,3600,6800,6000,11000,5320,3900,1300,5320,7920,2850
304646,305276,Enchanted Zwerchhau,380,1.0,6120,3780,1170,4480,3060,3420,1620,5760,4200,1080,3600,6800,6000,11000,5320,3900,1300,5320,7920,2850
305646,306178,Auto,90,1.0,6210,3780,1170,4480,3060,3420,1620,5760,4200,1080,3600,6800,6000,11000,5320,3900,1300,5320,7920,2850
305146,306406,Verthunder III,440,1.0,6210,3780,1170,4480,3060,3420,1620,5760,4200,1080,3600,6800,6000,11000,5320,3900,1300,5320,8360,2850
306146,306776,Enchanted Redoublement,560,1.0,6210,3780,1170,5040,3060,3420,1620,5760,4200,1080,3600,6800,6000,11000,5320,3900,1300,5320,8360,2850
306846,308006,Fleche,480,1.0,6210,3780,1170,5040,3060,3420,1620,6240,4200,1080,3600,6800,6000,11000,5320,3900,1300,5320,8360,2850
309086,309618,Auto,90,1.0,6300,3780,1170,5040,3060,3420,1620,6240,4200,1080,3600,6800,6000,11000,5320,3900,1300,5320,8360,2850
308346,309776,Verholy,650,1.0,6300,3780,1170,5040,3060,3420,1620,6240,4200,1080,3600,6800,6000,11000,5320,3900,1950,5320,8360,2850
310836,312666,Scorch,750,1.0,6300,3780,1170,5040,3060,3420,1620,6240,4200,1080,3600,6800,6750,11000,5320,3900,1950,5320,8360,2850
312526,313058,Auto,90,1.0,6390,3780,1170,5040,3060,3420,1620,6240,4200,1080,3600,6800,6750,11000,5320,3900,1950,5320,8360,2850
313326,314886,Resolution,850,1.0,6390,3780,1170,5040,3060,3420,1620,6240,4200,1080,3600,7650,6750,11000,5320,3900,1950,5320,8360,2850
315966,316498,Auto,90,1.0,6480,3780,1170,5040,3060,3420,1620,6240,4200,1080,3600,7650,6750,11000,5320,3900,1950,5320,8360,2850
315816,316616,Verstone,380,1.0,6480,3780,1170,5040,3060,3420,1620,6240,4200,1080,3600,7650,6750,11000,5320,3900,1950,5700,8360,2850
322287,323587,Verfire,380,1.0,6480,3780,1170,5040,3060,3420,1620,6240,4200,1080,3600,7650,6750,11000,5700,3900,1950,5700,8360,2850
323297,323829,Auto,90,1.0,6570,3780,1170,5040,3060,3420,1620,6240,4200,1080,3600,7650,6750,11000,5700,3900,1950,5700,8360,2850
322797,324057,Veraero III,440,1.0,6570,3780,1170,5040,3060,3420,1620,6240,4200,1080,3600,7650,6750,11440,5700,3900,1950,5700,8360,2850
323987,325147,Contre Sixte,420,1.0,6570,4200,1170,5040,3060,3420,1620,6240,4200,1080,3600,7650,6750,11440,5700,3900,1950,5700,8360,2850
325777,326577,Verfire,380,1.0,6570,4200,1170,5040,3060,3420,1620,6240,4200,1080,3600,7650,6750,11440,6080,3900,1950,5700,8360,2850
328277,328809,Auto,90,1.0,6660,4200,1170,5040,3060,3420,1620,6240,4200,1080,3600,7650,6750,11440,6080,3900,1950,5700,8360,2850
327777,329037,Verthunder III,440,1.0,6660,4200,1170,5040,3060,3420,1620,6240,4200,1080,3600,7650,6750,11440,6080,3900,1950,5700,8800,2850
328967,329547,Engagement,180,1.0,6660,4200,1170,5040,3060,3420,1800,6240,4200,1080,3600,7650,6750,11440,6080,3900,1950,5700,8800,2850
330757,331517,Verthunder III,440,1.0,6660,4200,1170,5040,3060,3420,1800,6240,4200,1080,3600,7650,6750,11440,6080,3900,1950,5700,9240,2850
331846,333006,Fleche,480,1.0,6660,4200,1170,5040,3060,3420,1800,6720,4200,1080,3600,7650,6750,11440,6080,3900,1950,5700,9240,2850
333257,333789,Auto,90,1.0,6750,4200,1170,5040,3060,3420,1800,6720,4200,1080,3600,7650,6750,11440,6080,3900,1950,5700,9240,2850
332757,334017,Veraero III,440,1.0,6750,4200,1170,5040,3060,3420,1800,6720,4200,1080,3600,7650,6750,11880,6080,3900,1950,5700,9240,2850
334737,336037,Verstone,380,1.0,6750,4200,1170,5040,3060,3420,1800,6720,4200,1080,3600,7650,6750,11880,6080,3900,1950,6080,9240,2850
335737,336497,Veraero III,440,1.0,6750,4200,1170,5040,3060,3420,1800,6720,4200,1080,3600,7650,6750,12320,6080,3900,1950,6080,9240,2850
336437,337067,Corps-a-corps,130,1.0,6750,4200,1300,5040,3060,3420,1800,6720,4200,1080,3600,7650,6750,12320,6080,3900,1950,6080,9240,2850
336697,337229,Auto,90,1.0,6840,4200,1300,5040,3060,3420,1800,6720,4200,1080,3600,7650,6750,12320,6080,3900,1950,6080,9240,2850
340217,340749,Auto,90,1.0,6930,4200,1300,5040,3060,3420,1800,6720,4200,1080,3600,7650,6750,12320,6080,3900,1950,6080,9240,2850
339717,341017,Verfire,380,1.0,6930,4200,1300,5040,3060,3420,1800,6720,4200,1080,3600,7650,6750,12320,6460,3900,1950,6080,9240,2850
340717,341477,Verthunder III,440,1.0,6930,4200,1300,5040,3060,3420,1800,6720,4200,1080,3600,7650,6750,12320,6460,3900,1950,6080,9680,2850
345197,345729,Auto,90,1.0,7020,4200,1300,5040,3060,3420,1800,6720,4200,1080,3600,7650,6750,12320,6460,3900,1950,6080,9680,2850
344697,345997,Verstone,380,1.0,7020,4200,1300,5040,3060,3420,1800,6720,4200,1080,3600,7650,6750,12320,6460,3900,1950,6460,9680,2850
345697,346457,Veraero III,440,1.0,7020,4200,1300,5040,3060,3420,1800,6720,4200,1080,3600,7650,6750,12760,6460,3900,1950,6460,9680,2850
350177,350709,Auto,90,1.0,7110,4200,1300,5040,3060,3420,1800,6720,4200,1080,3600,7650,6750,12760,6460,3900,1950,6460,9680,2850
349677,350977,Verfire,380,1.0,7110,4200,1300,5040,3060,3420,1800,6720,4200,1080,3600,7650,6750,12760,6840,3900,1950,6460,9680,2850
350677,351437,Verthunder III,440,1.0,7110,4200,1300,5040,3060,3420,1800,6720,4200,1080,3600,7650,6750,12760,6840,3900,1950,6460,10120,2850
353167,353797,Enchanted Riposte,340,1.0,7110,4200,1300,5040,3400,3420,1800,6720,4200,1080,3600,7650,6750,12760,6840,3900,1950,6460,10120,2850
353617,354149,Auto,90,1.0,7200,4200,1300,5040,3400,3420,1800,6720,4200,1080,3600,7650,6750,12760,6840,3900,1950,6460,10120,2850
354667,355297,Enchanted Zwerchhau,380,1.0,7200,4200,1300,5040,3400,3800,1800,6720,4200,1080,3600,7650,6750,12760,6840,3900,1950,6460,10120,2850
356167,356797,Enchanted Redoublement,560,1.0,7200,4200,1300,5600,3400,3800,1800,6720,4200,1080,3600,7650,6750,12760,6840,3900,1950,6460,10120,2850
357057,357589,Auto,90,1.0,7290,4200,1300,5600,3400,3800,1800,6720,4200,1080,3600,7650,6750,12760,6840,3900,1950,6460,10120,2850
357567,358727,Fleche,480,1.0,7290,4200,1300,5600,3400,3800,1800,7200,4200,1080,3600,7650,6750,12760,6840,3900,1950,6460,10120,2850
358367,359797,Verholy,650,1.0,7290,4200,1300,5600,3400,3800,1800,7200,4200,1080,3600,7650,6750,12760,6840,3900,2600,6460,10120,2850
359067,360227,Contre Sixte,420,1.0,7290,4620,1300,5600,3400,3800,1800,7200,4200,1080,3600,7650,6750,12760,6840,3900,2600,6460,10120,2850
360497,361029,Auto,90,1.0,7380,4620,1300,5600,3400,3800,1800,7200,4200,1080,3600,7650,6750,12760,6840,3900,2600,6460,10120,2850
360857,362687,Scorch,750,1.0,7380,4620,1300,5600,3400,3800,1800,7200,4200,1080,3600,7650,7500,12760,6840,3900,2600,6460,10120,2850
363937,364469,Auto,90,1.0,7470,4620,1300,5600,3400,3800,1800,7200,4200,1080,3600,7650,7500,12760,6840,3900,2600,6460,10120,2850
363347,364907,Resolution,850,1.0,7470,4620,1300,5600,3400,3800,1800,7200,4200,1080,3600,8500,7500,12760,6840,3900,2600,6460,10120,2850
365837,366467,Enchanted Riposte,340,1.0,7470,4620,1300,5600,3740,3800,1800,7200,4200,1080,3600,8500,7500,12760,6840,3900,2600,6460,10120,2850
367377,367909,Auto,90,1.0,7560,4620,1300,5600,3740,3800,1800,7200,4200,1080,3600,8500,7500,12760,6840,3900,2600,6460,10120,2850
367345,367975,Enchanted Zwerchhau,380,1.0,7560,4620,1300,5600,3740,4180,1800,7200,4200,1080,3600,8500,7500,12760,6840,3900,2600,6460,10120,2850
368845,369475,Enchanted Redoublement,560,1.0,7560,4620,1300,6160,3740,4180,1800,7200,4200,1080,3600,8500,7500,12760,6840,3900,2600,6460,10120,2850
369545,370175,Corps-a-corps,130,1.0,7560,4620,1430,6160,3740,4180,1800,7200,4200,1080,3600,8500,7500,12760,6840,3900,2600,6460,10120,2850
370817,371349,Auto,90,1.0,7650,4620,1430,6160,3740,4180,1800,7200,4200,1080,3600,8500,7500,12760,6840,3900,2600,6460,10120,2850
371745,372325,Engagement,180,1.0,7650,4620,1430,6160,3740,4180,1980,7200,4200,1080,3600,8500,7500,12760,6840,3900,2600,6460,10120,2850
371045,372475,Verflare,650,1.0,7650,4620,1430,6160,3740,4180,1980,7200,4200,1080,3600,8500,7500,12760,6840,4550,2600,6460,10120,2850
374257,374789,Auto,90,1.0,7740,4620,1430,6160,3740,4180,1980,7200,4200,1080,3600,8500,7500,12760,6840,4550,2600,6460,10120,2850
374235,375035,Vice of Thorns,950,1.0,7740,4620,1430,6160,3740,4180,1980,7200,4200,1080,3600,8500,7500,12760,6840,4550,2600,6460,10120,3800
373535,375365,Scorch,750,1.0,7740,4620,1430,6160,3740,4180,1980,7200,4200,1080,3600,8500,8250,12760,6840,4550,2600,6460,10120,3800
376025,377585,Resolution,850,1.0,7740,4620,1430,6160,3740,4180,1980,7200,4200,1080,3600,9350,8250,12760,6840,4550,2600,6460,10120,3800
377425,378055,Corps-a-corps,130,1.0,7740,4620,1560,6160,3740,4180,1980,7200,4200,1080,3600,9350,8250,12760,6840,4550,2600,6460,10120,3800
376725,378145,Prefulgence,1200,1.0,7740,4620,1560,6160,3740,4180,1980,7200,4200,1080,4800,9350,8250,12760,6840,4550,2600,6460,10120,3800
377697,378229,Auto,90,1.0,7830,4620,1560,6160,3740,4180,1980,7200,4200,1080,4800,9350,8250,12760,6840,4550,2600,6460,10120,3800
378515,379145,Enchanted Riposte,340,1.0,7830,4620,1560,6160,4080,4180,1980,7200,4200,1080,4800,9350,8250,12760,6840,4550,2600,6460,10120,3800
380015,380645,Enchanted Zwerchhau,380,1.0,7830,4620,1560,6160,4080,4560,1980,7200,4200,1080,4800,9350,8250,12760,6840,4550,2600,6460,10120,3800
381137,381669,Auto,90,1.0,7920,4620,1560,6160,4080,4560,1980,7200,4200,1080,4800,9350,8250,12760,6840,4550,2600,6460,10120,3800
381515,382145,Enchanted Redoublement,560,1.0,7920,4620,1560,6720,4080,4560,1980,7200,4200,1080,4800,9350,8250,12760,6840,4550,2600,6460,10120,3800
382567,383727,Fleche,480,1.0,7920,4620,1560,6720,4080,4560,1980,7680,4200,1080,4800,9350,8250,12760,6840,4550,2600,6460,10120,3800
384415,384995,Engagement,180,1.0,7920,4620,1560,6720,4080,4560,2160,7680,4200,1080,4800,9350,8250,12760,6840,4550,2600,6460,10120,3800
384577,385109,Auto,90,1.0,8010,4620,1560,6720,4080,4560,2160,7680,4200,1080,4800,9350,8250,12760,6840,4550,2600,6460,10120,3800
383715,385145,Verholy,650,1.0,8010,4620,1560,6720,4080,4560,2160,7680,4200,1080,4800,9350,8250,12760,6840,4550,3250,6460,10120,3800
386205,388035,Scorch,750,1.0,8010,4620,1560,6720,4080,4560,2160,7680,4200,1080,4800,9350,9000,12760,6840,4550,3250,6460,10120,3800
388017,388549,Auto,90,1.0,8100,4620,1560,6720,4080,4560,2160,7680,4200,1080,4800,9350,9000,12760,6840,4550,3250,6460,10120,3800
388696,390256,Resolution,850,1.0,8100,4620,1560,6720,4080,4560,2160,7680,4200,1080,4800,10200,9000,12760,6840,4550,3250,6460,10120,3800
393676,394436,Verthunder III,440,1.0,8100,4620,1560,6720,4080,4560,2160,7680,4200,1080,4800,10200,9000,12760,6840,4550,3250,6460,10560,3800
394376,395536,Contre Sixte,420,1.0,8100,5040,1560,6720,4080,4560,2160,7680,4200,1080,4800,10200,9000,12760,6840,4550,3250,6460,10560,3800
396176,396708,Auto,90,1.0,8190,5040,1560,6720,4080,4560,2160,7680,4200,1080,4800,10200,9000,12760,6840,4550,3250,6460,10560,3800
395676,397235,Grand Impact,600,1.0,8190,5040,1560,6720,4080,4560,2160,7680,4800,1080,4800,10200,9000,12760,6840,4550,3250,6460,10560,3800
397656,398956,Verstone,380,1.0,8190,5040,1560,6720,4080,4560,2160,7680,4800,1080,4800,10200,9000,12760,6840,4550,3250,6840,10560,3800
398656,399416,Veraero III,440,1.0,8190,5040,1560,6720,4080,4560,2160,7680,4800,1080,4800,10200,9000,13200,6840,4550,3250,6840,10560,3800
399616,400148,Auto,90,1.0,8280,5040,1560,6720,4080,4560,2160,7680,4800,1080,4800,10200,9000,13200,6840,4550,3250,6840,10560,3800
403136,403668,Auto,90,1.0,8370,5040,1560,6720,4080,4560,2160,7680,4800,1080,4800,10200,9000,13200,6840,4550,3250,6840,10560,3800
402636,403936,Verfire,380,1.0,8370,5040,1560,6720,4080,4560,2160,7680,4800,1080,4800,10200,9000,13200,7220,4550,3250,6840,10560,3800
403636,404396,Verthunder III,440,1.0,8370,5040,1560,6720,4080,4560,2160,7680,4800,1080,4800,10200,9000,13200,7220,4550,3250,6840,11000,3800
406126,406886,Verthunder III,440,1.0,8370,5040,1560,6720,4080,4560,2160,7680,4800,1080,4800,10200,9000,13200,7220,4550,3250,6840,11440,3800
406576,407108,Auto,90,1.0,8460,5040,1560,6720,4080,4560,2160,7680,4800,1080,4800,10200,9000,13200,7220,4550,3250,6840,11440,3800
407567,408727,Fleche,480,1.0,8460,5040,1560,6720,4080,4560,2160,8160,4800,1080,4800,10200,9000,13200,7220,4550,3250,6840,11440,3800
408616,409416,Verstone,380,1.0,8460,5040,1560,6720,4080,4560,2160,8160,4800,1080,4800,10200,9000,13200,7220,4550,3250,7220,11440,3800
410016,410548,Auto,90,1.0,8550,5040,1560,6720,4080,4560,2160,8160,4800,1080,4800,10200,9000,13200,7220,4550,3250,7220,11440,3800
415086,416386,Verfire,380,1.0,8550,5040,1560,6720,4080,4560,2160,8160,4800,1080,4800,10200,9000,13200,7600,4550,3250,7220,11440,3800
416096,416628,Auto,90,1.0,8640,5040,1560,6720,4080,4560,2160,8160,4800,1080,4800,10200,9000,13200,7600,4550,3250,7220,11440,3800
415596,416856,Veraero III,440,1.0,8640,5040,1560,6720,4080,4560,2160,8160,4800,1080,4800,10200,9000,13640,7600,4550,3250,7220,11440,3800
418576,419376,Verstone,380,1.0,8640,5040,1560,6720,4080,4560,2160,8160,4800,1080,4800,10200,9000,13640,7600,4550,3250,7600,11440,3800
421076,421608,Auto,90,1.0,8730,5040,1560,6720,4080,4560,2160,8160,4800,1080,4800,10200,9000,13640,7600,4550,3250,7600,11440,3800
420576,421836,Verthunder III,440,1.0,8730,5040,1560,6720,4080,4560,2160,8160,4800,1080,4800,10200,9000,13640,7600,4550,3250,7600,11880,3800
423556,424316,Verthunder III,440,1.0,8730,5040,1560,6720,4080,4560,2160,8160,4800,1080,4800,10200,9000,13640,7600,4550,3250,7600,12320,3800
424256,424836,Engagement,180,1.0,8730,5040,1560,6720,4080,4560,2340,8160,4800,1080,4800,10200,9000,13640,7600,4550,3250,7600,12320,3800
424956,425586,Corps-a-corps,130,1.0,8730,5040,1690,6720,4080,4560,2340,8160,4800,1080,4800,10200,9000,13640,7600,4550,3250,7600,12320,3800
426056,426588,Auto,90,1.0,8820,5040,1690,6720,4080,4560,2340,8160,4800,1080,4800,10200,9000,13640,7600,4550,3250,7600,12320,3800
425556,426816,Veraero III,440,1.0,8820,5040,1690,6720,4080,4560,2340,8160,4800,1080,4800,10200,9000,14080,7600,4550,3250,7600,12320,3800
427536,428836,Verstone,380,1.0,8820,5040,1690,6720,4080,4560,2340,8160,4800,1080,4800,10200,9000,14080,7600,4550,3250,7980,12320,3800
428536,429296,Veraero III,440,1.0,8820,5040,1690,6720,4080,4560,2340,8160,4800,1080,4800,10200,9000,14520,7600,4550,3250,7980,12320,3800
429496,430028,Auto,90,1.0,8910,5040,1690,6720,4080,4560,2340,8160,4800,1080,4800,10200,9000,14520,7600,4550,3250,7980,12320,3800
429376,430536,Contre Sixte,420,1.0,8910,5460,1690,6720,4080,4560,2340,8160,4800,1080,4800,10200,9000,14520,7600,4550,3250,7980,12320,3800
432567,433727,Fleche,480,1.0,8910,5460,1690,6720,4080,4560,2340,8640,4800,1080,4800,10200,9000,14520,7600,4550,3250,7980,12320,3800
435006,436306,Verfire,380,1.0,8910,5460,1690,6720,4080,4560,2340,8640,4800,1080,4800,10200,9000,14520,7980,4550,3250,7980,12320,3800
436016,436548,Auto,90,1.0,9000,5460,1690,6720,4080,4560,2340,8640,4800,1080,4800,10200,9000,14520,7980,4550,3250,7980,12320,3800
435516,437075,Grand Impact,600,1.0,9000,5460,1690,6720,4080,4560,2340,8640,5400,1080,4800,10200,9000,14520,7980,4550,3250,7980,12320,3800
438497,439297,Verstone,380,1.0,9000,5460,1690,6720,4080,4560,2340,8640,5400,1080,4800,10200,9000,14520,7980,4550,3250,8360,12320,3800
440996,441528,Auto,90,1.0,9090,5460,1690,6720,4080,4560,2340,8640,5400,1080,4800,10200,9000,14520,7980,4550,3250,8360,12320,3800
440496,441756,Verthunder III,440,1.0,9090,5460,1690,6720,4080,4560,2340,8640,5400,1080,4800,10200,9000,14520,7980,4550,3250,8360,12760,3800
443477,444107,Enchanted Riposte,340,1.0,9090,5460,1690,6720,4420,4560,2340,8640,5400,1080,4800,10200,9000,14520,7980,4550,3250,8360,12760,3800
444977,445607,Enchanted Zwerchhau,380,1.0,9090,5460,1690,6720,4420,4940,2340,8640,5400,1080,4800,10200,9000,14520,7980,4550,3250,8360,12760,3800
445977,446509,Auto,90,1.0,9180,5460,1690,6720,4420,4940,2340,8640,5400,1080,4800,10200,9000,14520,7980,4550,3250,8360,12760,3800
445477,446737,Veraero III,440,1.0,9180,5460,1690,6720,4420,4940,2340,8640,5400,1080,4800,10200,9000,14960,7980,4550,3250,8360,12760,3800
446477,447107,Enchanted Redoublement,560,1.0,9180,5460,1690,7280,4420,4940,2340,8640,5400,1080,4800,10200,9000,14960,7980,4550,3250,8360,12760,3800
449417,449949,Auto,90,1.0,9270,5460,1690,7280,4420,4940,2340,8640,5400,1080,4800,10200,9000,14960,7980,4550,3250,8360,12760,3800
448677,450107,Verflare,650,1.0,9270,5460,1690,7280,4420,4940,2340,8640,5400,1080,4800,10200,9000,14960,7980,5200,3250,8360,12760,3800
451167,452997,Scorch,750,1.0,9270,5460,1690,7280,4420,4940,2340,8640,5400,1080,4800,10200,9750,14960,7980,5200,3250,8360,12760,3800
452857,453389,Auto,90,1.0,9360,5460,1690,7280,4420,4940,2340,8640,5400,1080,4800,10200,9750,14960,7980,5200,3250,8360,12760,3800
453657,455217,Resolution,850,1.0,9360,5460,1690,7280,4420,4940,2340,8640,5400,1080,4800,11050,9750,14960,7980,5200,3250,8360,12760,3800
456297,456829,Auto,90,1.0,9450,5460,1690,7280,4420,4940,2340,8640,5400,1080,4800,11050,9750,14960,7980,5200,3250,8360,12760,3800
456147,456907,Verthunder III,440,1.0,9450,5460,1690,7280,4420,4940,2340,8640,5400,1080,4800,11050,9750,14960,7980,5200,3250,8360,13200,3800
457567,458727,Fleche,480,1.0,9450,5460,1690,7280,4420,4940,2340,9120,5400,1080,4800,11050,9750,14960,7980,5200,3250,8360,13200,3800
458637,459437,Verstone,380,1.0,9450,5460,1690,7280,4420,4940,2340,9120,5400,1080,4800,11050,9750,14960,7980,5200,3250,8740,13200,3800
459737,460269,Auto,90,1.0,9540,5460,1690,7280,4420,4940,2340,9120,5400,1080,4800,11050,9750,14960,7980,5200,3250,8740,13200,3800
464376,465536,Contre Sixte,420,1.0,9540,5880,1690,7280,4420,4940,2340,9120,5400,1080,4800,11050,9750,14960,7980,5200,3250,8740,13200,3800
466117,466649,Auto,90,1.0,9630,5880,1690,7280,4420,4940,2340,9120,5400,1080,4800,11050,9750,14960,7980,5200,3250,8740,13200,3800
465617,466877,Veraero III,440,1.0,9630,5880,1690,7280,4420,4940,2340,9120,5400,1080,4800,11050,9750,15400,7980,5200,3250,8740,13200,3800
467597,468897,Verfire,380,1.0,9630,5880,1690,7280,4420,4940,2340,9120,5400,1080,4800,11050,9750,15400,8360,5200,3250,8740,13200,3800
468597,469357,Verthunder III,440,1.0,9630,5880,1690,7280,4420,4940,2340,9120,5400,1080,4800,11050,9750,15400,8360,5200,3250,8740,13640,3800
468107,469666,Grand Impact,600,1.0,9630,5880,1690,7280,4420,4940,2340,9120,6000,1080,4800,11050,9750,15400,8360,5200,3250,8740,13640,3800
469297,469877,Engagement,180,1.0,9630,5880,1690,7280,4420,4940,2520,9120,6000,1080,4800,11050,9750,15400,8360,5200,3250,8740,13640,3800
469557,470089,Auto,90,1.0,9720,5880,1690,7280,4420,4940,2520,9120,6000,1080,4800,11050,9750,15400,8360,5200,3250,8740,13640,3800
473077,473609,Auto,90,1.0,9810,5880,1690,7280,4420,4940,2520,9120,6000,1080,4800,11050,9750,15400,8360,5200,3250,8740,13640,3800
472577,473877,Verstone,380,1.0,9810,5880,1690,7280,4420,4940,2520,9120,6000,1080,4800,11050,9750,15400,8360,5200,3250,9120,13640,3800
473577,474337,Veraero III,440,1.0,9810,5880,1690,7280,4420,4940,2520,9120,6000,1080,4800,11050,9750,15840,8360,5200,3250,9120,13640,3800
474277,474907,Corps-a-corps,130,1.0,9810,5880,1820,7280,4420,4940,2520,9120,6000,1080,4800,11050,9750,15840,8360,5200,3250,9120,13640,3800
478057,478589,Auto,90,1.0,9900,5880,1820,7280,4420,4940,2520,9120,6000,1080,4800,11050,9750,15840,8360,5200,3250,9120,13640,3800
477557,478857,Verfire,380,1.0,9900,5880,1820,7280,4420,4940,2520,9120,6000,1080,4800,11050,9750,15840,8740,5200,3250,9120,13640,3800
478557,479317,Verthunder III,440,1.0,9900,5880,1820,7280,4420,4940,2520,9120,6000,1080,4800,11050,9750,15840,8740,5200,3250,9120,14080,3800
481047,481807,Verthunder III,440,1.0,9900,5880,1820,7280,4420,4940,2520,9120,6000,1080,4800,11050,9750,15840,8740,5200,3250,9120,14520,3800
481497,482029,Auto,90,1.0,9990,5880,1820,7280,4420,4940,2520,9120,6000,1080,4800,11050,9750,15840,8740,5200,3250,9120,14520,3800
482567,483727,Fleche,480,1.0,9990,5880,1820,7280,4420,4940,2520,9600,6000,1080,4800,11050,9750,15840,8740,5200,3250,9120,14520,3800
483537,484167,Enchanted Riposte,340,1.0,9990,5880,1820,7280,4760,4940,2520,9600,6000,1080,4800,11050,9750,15840,8740,5200,3250,9120,14520,3800
484937,485469,Auto,90,1.0,10080,5880,1820,7280,4760,4940,2520,9600,6000,1080,4800,11050,9750,15840,8740,5200,3250,9120,14520,3800
485037,485667,Enchanted Zwerchhau,380,1.0,10080,5880,1820,7280,4760,5320,2520,9600,6000,1080,4800,11050,9750,15840,8740,5200,3250,9120,14520,3800
486538,487168,Enchanted Redoublement,560,1.0,10080,5880,1820,7840,4760,5320,2520,9600,6000,1080,4800,11050,9750,15840,8740,5200,3250,9120,14520,3800
488377,488909,Auto,90,1.0,10170,5880,1820,7840,4760,5320,2520,9600,6000,1080,4800,11050,9750,15840,8740,5200,3250,9120,14520,3800
488738,490168,Verholy,650,1.0,10170,5880,1820,7840,4760,5320,2520,9600,6000,1080,4800,11050,9750,15840,8740,5200,3900,9120,14520,3800
491817,492349,Auto,90,1.0,10260,5880,1820,7840,4760,5320,2520,9600,6000,1080,4800,11050,9750,15840,8740,5200,3900,9120,14520,3800
491228,493058,Scorch,750,1.0,10260,5880,1820,7840,4760,5320,2520,9600,6000,1080,4800,11050,10500,15840,8740,5200,3900,9120,14520,3800
491928,493348,Prefulgence,1200,1.0,10260,5880,1820,7840,4760,5320,2520,9600,6000,1080,6000,11050,10500,15840,8740,5200,3900,9120,14520,3800
494418,495218,Vice of Thorns,950,1.0,10260,5880,1820,7840,4760,5320,2520,9600,6000,1080,6000,11050,10500,15840,8740,5200,3900,9120,14520,4750
493718,495278,Resolution,850,1.0,10260,5880,1820,7840,4760,5320,2520,9600,6000,1080,6000,11900,10500,15840,8740,5200,3900,9120,14520,4750
495118,495748,Corps-a-corps,130,1.0,10260,5880,1950,7840,4760,5320,2520,9600,6000,1080,6000,11900,10500,15840,8740,5200,3900,9120,14520,4750
495257,495789,Auto,90,1.0,10350,5880,1950,7840,4760,5320,2520,9600,6000,1080,6000,11900,10500,15840,8740,5200,3900,9120,14520,4750
496208,496838,Enchanted Riposte,340,1.0,10350,5880,1950,7840,5100,5320,2520,9600,6000,1080,6000,11900,10500,15840,8740,5200,3900,9120,14520,4750
497708,498338,Enchanted Zwerchhau,380,1.0,10350,5880,1950,7840,5100,5700,2520,9600,6000,1080,6000,11900,10500,15840,8740,5200,3900,9120,14520,4750
498697,499229,Auto,90,1.0,10440,5880,1950,7840,5100,5700,2520,9600,6000,1080,6000,11900,10500,15840,8740,5200,3900,9120,14520,4750
499208,499838,Enchanted Redoublement,560,1.0,10440,5880,1950,8400,5100,5700,2520,9600,6000,1080,6000,11900,10500,15840,8740,5200,3900,9120,14520,4750
499908,501068,Contre Sixte,420,1.0,10440,6300,1950,8400,5100,5700,2520,9600,6000,1080,6000,11900,10500,15840,8740,5200,3900,9120,14520,4750
502137,502669,Auto,90,1.0,10530,6300,1950,8400,5100,5700,2520,9600,6000,1080,6000,11900,10500,15840,8740,5200,3900,9120,14520,4750
501408,502838,Verflare,650,1.0,10530,6300,1950,8400,5100,5700,2520,9600,6000,1080,6000,11900,10500,15840,8740,5850,3900,9120,14520,4750
503898,505728,Scorch,750,1.0,10530,6300,1950,8400,5100,5700,2520,9600,6000,1080,6000,11900,11250,15840,8740,5850,3900,9120,14520,4750
505577,506109,Auto,90,1.0,10620,6300,1950,8400,5100,5700,2520,9600,6000,1080,6000,11900,11250,15840,8740,5850,3900,9120,14520,4750
506388,507948,Resolution,850,1.0,10620,6300,1950,8400,5100,5700,2520,9600,6000,1080,6000,12750,11250,15840,8740,5850,3900,9120,14520,4750
507567,508727,Fleche,480,1.0,10620,6300,1950,8400,5100,5700,2520,10080,6000,1080,6000,12750,11250,15840,8740,5850,3900,9120,14520,4750
510868,511400,Auto,90,1.0,10710,6300,1950,8400,5100,5700,2520,10080,6000,1080,6000,12750,11250,15840,8740,5850,3900,9120,14520,4750
510368,511668,Verstone,380,1.0,10710,6300,1950,8400,5100,5700,2520,10080,6000,1080,6000,12750,11250,15840,8740,5850,3900,9500,14520,4750
511368,512128,Veraero III,440,1.0,10710,6300,1950,8400,5100,5700,2520,10080,6000,1080,6000,12750,11250,16280,8740,5850,3900,9500,14520,4750
512068,512648,Engagement,180,1.0,10710,6300,1950,8400,5100,5700,2700,10080,6000,1080,6000,12750,11250,16280,8740,5850,3900,9500,14520,4750
515847,516379,Auto,90,1.0,10800,6300,1950,8400,5100,5700,2700,10080,6000,1080,6000,12750,11250,16280,8740,5850,3900,9500,14520,4750
515347,516647,Verfire,380,1.0,10800,6300,1950,8400,5100,5700,2700,10080,6000,1080,6000,12750,11250,16280,9120,5850,3900,9500,14520,4750
516347,517107,Verthunder III,440,1.0,10800,6300,1950,8400,5100,5700,2700,10080,6000,1080,6000,12750,11250,16280,9120,5850,3900,9500,14960,4750
520827,521359,Auto,90,1.0,10890,6300,1950,8400,5100,5700,2700,10080,6000,1080,6000,12750,11250,16280,9120,5850,3900,9500,14960,4750
520327,521627,Verstone,380,1.0,10890,6300,1950,8400,5100,5700,2700,10080,6000,1080,6000,12750,11250,16280,9120,5850,3900,9880,14960,4750
521328,522088,Veraero III,440,1.0,10890,6300,1950,8400,5100,5700,2700,10080,6000,1080,6000,12750,11250,16720,9120,5850,3900,9880,14960,4750
522028,522658,Corps-a-corps,130,1.0,10890,6300,2080,8400,5100,5700,2700,10080,6000,1080,6000,12750,11250,16720,9120,5850,3900,9880,14960,4750
525808,526340,Auto,90,1.0,10980,6300,2080,8400,5100,5700,2700,10080,6000,1080,6000,12750,11250,16720,9120,5850,3900,9880,14960,4750
525308,526608,Verfire,380,1.0,10980,6300,2080,8400,5100,5700,2700,10080,6000,1080,6000,12750,11250,16720,9500,5850,3900,9880,14960,4750
526308,527068,Verthunder III,440,1.0,10980,6300,2080,8400,5100,5700,2700,10080,6000,1080,6000,12750,11250,16720,9500,5850,3900,9880,15400,4750
531288,532048,Verthunder III,440,1.0,10980,6300,2080,8400,5100,5700,2700,10080,6000,1080,6000,12750,11250,16720,9500,5850,3900,9880,15840,4750
532567,533727,Fleche,480,1.0,10980,6300,2080,8400,5100,5700,2700,10560,6000,1080,6000,12750,11250,16720,9500,5850,3900,9880,15840,4750
533788,534320,Auto,90,1.0,11070,6300,2080,8400,5100,5700,2700,10560,6000,1080,6000,12750,11250,16720,9500,5850,3900,9880,15840,4750
533778,534408,Enchanted Riposte,340,1.0,11070,6300,2080,8400,5440,5700,2700,10560,6000,1080,6000,12750,11250,16720,9500,5850,3900,9880,15840,4750
533288,534847,Grand Impact,600,1.0,11070,6300,2080,8400,5440,5700,2700,10560,6600,1080,6000,12750,11250,16720,9500,5850,3900,9880,15840,4750
535278,535908,Enchanted Zwerchhau,380,1.0,11070,6300,2080,8400,5440,6080,2700,10560,6600,1080,6000,12750,11250,16720,9500,5850,3900,9880,15840,4750
535978,537138,Contre Sixte,420,1.0,11070,6720,2080,8400,5440,6080,2700,10560,6600,1080,6000,12750,11250,16720,9500,5850,3900,9880,15840,4750
536779,537409,Enchanted Redoublement,560,1.0,11070,6720,2080,8960,5440,6080,2700,10560,6600,1080,6000,12750,11250,16720,9500,5850,3900,9880,15840,4750
537228,537760,Auto,90,1.0,11160,6720,2080,8960,5440,6080,2700,10560,6600,1080,6000,12750,11250,16720,9500,5850,3900,9880,15840,4750
538979,540409,Verholy,650,1.0,11160,6720,2080,8960,5440,6080,2700,10560,6600,1080,6000,12750,11250,16720,9500,5850,4550,9880,15840,4750
540668,541200,Auto,90,1.0,11250,6720,2080,8960,5440,6080,2700,10560,6600,1080,6000,12750,11250,16720,9500,5850,4550,9880,15840,4750
541469,543299,Scorch,750,1.0,11250,6720,2080,8960,5440,6080,2700,10560,6600,1080,6000,12750,12000,16720,9500,5850,4550,9880,15840,4750
544108,544640,Auto,90,1.0,11340,6720,2080,8960,5440,6080,2700,10560,6600,1080,6000,12750,12000,16720,9500,5850,4550,9880,15840,4750
544659,545239,Engagement,180,1.0,11340,6720,2080,8960,5440,6080,2880,10560,6600,1080,6000,12750,12000,16720,9500,5850,4550,9880,15840,4750
543959,545519,Resolution,850,1.0,11340,6720,2080,8960,5440,6080,2880,10560,6600,1080,6000,13600,12000,16720,9500,5850,4550,9880,15840,4750
546449,547249,Verfire,380,1.0,11340,6720,2080,8960,5440,6080,2880,10560,6600,1080,6000,13600,12000,16720,9880,5850,4550,9880,15840,4750
547548,548080,Auto,90,1.0,11430,6720,2080,8960,5440,6080,2880,10560,6600,1080,6000,13600,12000,16720,9880,5850,4550,9880,15840,4750
552919,554219,Verstone,380,1.0,11430,6720,2080,8960,5440,6080,2880,10560,6600,1080,6000,13600,12000,16720,9880,5850,4550,10260,15840,4750
553929,554461,Auto,90,1.0,11520,6720,2080,8960,5440,6080,2880,10560,6600,1080,6000,13600,12000,16720,9880,5850,4550,10260,15840,4750
553429,554689,Verthunder III,440,1.0,11520,6720,2080,8960,5440,6080,2880,10560,6600,1080,6000,13600,12000,16720,9880,5850,4550,10260,16280,4750
556409,557169,Veraero III,440,1.0,11520,6720,2080,8960,5440,6080,2880,10560,6600,1080,6000,13600,12000,17160,9880,5850,4550,10260,16280,4750
557567,558727,Fleche,480,1.0,11520,6720,2080,8960,5440,6080,2880,11040,6600,1080,6000,13600,12000,17160,9880,5850,4550,10260,16280,4750
558909,559441,Auto,90,1.0,11610,6720,2080,8960,5440,6080,2880,11040,6600,1080,6000,13600,12000,17160,9880,5850,4550,10260,16280,4750
558409,559669,Veraero III,440,1.0,11610,6720,2080,8960,5440,6080,2880,11040,6600,1080,6000,13600,12000,17600,9880,5850,4550,10260,16280,4750
558899,559699,Verstone,380,1.0,11610,6720,2080,8960,5440,6080,2880,11040,6600,1080,6000,13600,12000,17600,9880,5850,4550,10640,16280,4750
565369,566669,Verfire,380,1.0,11610,6720,2080,8960,5440,6080,2880,11040,6600,1080,6000,13600,12000,17600,10260,5850,4550,10640,16280,4750
566379,566911,Auto,90,1.0,11700,6720,2080,8960,5440,6080,2880,11040,6600,1080,6000,13600,12000,17600,10260,5850,4550,10640,16280,4750
565879,567139,Verthunder III,440,1.0,11700,6720,2080,8960,5440,6080,2880,11040,6600,1080,6000,13600,12000,17600,10260,5850,4550,10640,16720,4750
568859,569659,Verfire,380,1.0,11700,6720,2080,8960,5440,6080,2880,11040,6600,1080,6000,13600,12000,17600,10640,5850,4550,10640,16720,4750
571359,571891,Auto,90,1.0,11790,6720,2080,8960,5440,6080,2880,11040,6600,1080,6000,13600,12000,17600,10640,5850,4550,10640,16720,4750
570859,572119,Verthunder III,440,1.0,11790,6720,2080,8960,5440,6080,2880,11040,6600,1080,6000,13600,12000,17600,10640,5850,4550,10640,17160,4750
572049,573209,Contre Sixte,420,1.0,11790,7140,2080,8960,5440,6080,2880,11040,6600,1080,6000,13600,12000,17600,10640,5850,4550,10640,17160,4750
575329,576629,Verstone,380,1.0,11790,7140,2080,8960,5440,6080,2880,11040,6600,1080,6000,13600,12000,17600,10640,5850,4550,11020,17160,4750
576339,576871,Auto,90,1.0,11880,7140,2080,8960,5440,6080,2880,11040,6600,1080,6000,13600,12000,17600,10640,5850,4550,11020,17160,4750
575839,577099,Veraero III,440,1.0,11880,7140,2080,8960,5440,6080,2880,11040,6600,1080,6000,13600,12000,18040,10640,5850,4550,11020,17160,4750
578819,579579,Verthunder III,440,1.0,11880,7140,2080,8960,5440,6080,2880,11040,6600,1080,6000,13600,12000,18040,10640,5850,4550,11020,17600,4750
579519,580149,Corps-a-corps,130,1.0,11880,7140,2210,8960,5440,6080,2880,11040,6600,1080,6000,13600,12000,18040,10640,5850,4550,11020,17600,4750
580319,580899,Engagement,180,1.0,11880,7140,2210,8960,5440,6080,3060,11040,6600,1080,6000,13600,12000,18040,10640,5850,4550,11020,17600,4750
581319,581851,Auto,90,1.0,11970,7140,2210,8960,5440,6080,3060,11040,6600,1080,6000,13600,12000,18040,10640,5850,4550,11020,17600,4750
580819,582079,Veraero III,440,1.0,11970,7140,2210,8960,5440,6080,3060,11040,6600,1080,6000,13600,12000,18480,10640,5850,4550,11020,17600,4750
581309,582859,Grand Impact,600,1.0,11970,7140,2210,8960,5440,6080,3060,11040,7200,1080,6000,13600,12000,18480,10640,5850,4550,11020,17600,4750
582567,583727,Fleche,480,1.0,11970,7140,2210,8960,5440,6080,3060,11520,7200,1080,6000,13600,12000,18480,10640,5850,4550,11020,17600,4750
583799,584429,Enchanted Riposte,340,1.0,11970,7140,2210,8960,5780,6080,3060,11520,7200,1080,6000,13600,12000,18480,10640,5850,4550,11020,17600,4750
584759,585291,Auto,90,1.0,12060,7140,2210,8960,5780,6080,3060,11520,7200,1080,6000,13600,12000,18480,10640,5850,4550,11020,17600,4750
585299,585929,Enchanted Zwerchhau,380,1.0,12060,7140,2210,8960,5780,6460,3060,11520,7200,1080,6000,13600,12000,18480,10640,5850,4550,11020,17600,4750
586800,587430,Enchanted Redoublement,560,1.0,12060,7140,2210,9520,5780,6460,3060,11520,7200,1080,6000,13600,12000,18480,10640,5850,4550,11020,17600,4750
588199,588731,Auto,90,1.0,12150,7140,2210,9520,5780,6460,3060,11520,7200,1080,6000,13600,12000,18480,10640,5850,4550,11020,17600,4750
589000,590430,Verholy,650,1.0,12150,7140,2210,9520,5780,6460,3060,11520,7200,1080,6000,13600,12000,18480,10640,5850,5200,11020,17600,4750
591639,592171,Auto,90,1.0,12240,7140,2210,9520,5780,6460,3060,11520,7200,1080,6000,13600,12000,18480,10640,5850,5200,11020,17600,4750
591490,593320,Scorch,750,1.0,12240,7140,2210,9520,5780,6460,3060,11520,7200,1080,6000,13600,12750,18480,10640,5850,5200,11020,17600,4750
593980,595540,Resolution,850,1.0,12240,7140,2210,9520,5780,6460,3060,11520,7200,1080,6000,14450,12750,18480,10640,5850,5200,11020,17600,4750
595079,595611,Auto,90,1.0,12330,7140,2210,9520,5780,6460,3060,11520,7200,1080,6000,14450,12750,18480,10640,5850,5200,11020,17600,4750
598519,599051,Auto,90,1.0,12420,7140,2210,9520,5780,6460,3060,11520,7200,1080,6000,14450,12750,18480,10640,5850,5200,11020,17600,4750
597960,599260,Verfire,380,1.0,12420,7140,2210,9520,5780,6460,3060,11520,7200,1080,6000,14450,12750,18480,11020,5850,5200,11020,17600,4750
598960,599720,Verthunder III,440,1.0,12420,7140,2210,9520,5780,6460,3060,11520,7200,1080,6000,14450,12750,18480,11020,5850,5200,11020,18040,4750
603440,603972,Auto,90,1.0,12510,7140,2210,9520,5780,6460,3060,11520,7200,1080,6000,14450,12750,18480,11020,5850,5200,11020,18040,4750
602940,604240,Verstone,380,1.0,12510,7140,2210,9520,5780,6460,3060,11520,7200,1080,6000,14450,12750,18480,11020,5850,5200,11400,18040,4750
603940,604700,Veraero III,440,1.0,12510,7140,2210,9520,5780,6460,3060,11520,7200,1080,6000,14450,12750,18920,11020,5850,5200,11400,18040,4750
606430,607060,Enchanted Riposte,340,1.0,12510,7140,2210,9520,6120,6460,3060,11520,7200,1080,6000,14450,12750,18920,11020,5850,5200,11400,18040,4750
606880,607412,Auto,90,1.0,12600,7140,2210,9520,6120,6460,3060,11520,7200,1080,6000,14450,12750,18920,11020,5850,5200,11400,18040,4750
607938,608568,Enchanted Zwerchhau,380,1.0,12600,7140,2210,9520,6120,6840,3060,11520,7200,1080,6000,14450,12750,18920,11020,5850,5200,11400,18040,4750
608638,609798,Fleche,480,1.0,12600,7140,2210,9520,6120,6840,3060,12000,7200,1080,6000,14450,12750,18920,11020,5850,5200,11400,18040,4750
609438,610068,Enchanted Redoublement,560,1.0,12600,7140,2210,10080,6120,6840,3060,12000,7200,1080,6000,14450,12750,18920,11020,5850,5200,11400,18040,4750
610320,610852,Auto,90,1.0,12690,7140,2210,10080,6120,6840,3060,12000,7200,1080,6000,14450,12750,18920,11020,5850,5200,11400,18040,4750
610138,611298,Contre Sixte,420,1.0,12690,7560,2210,10080,6120,6840,3060,12000,7200,1080,6000,14450,12750,18920,11020,5850,5200,11400,18040,4750
611638,613068,Verflare,650,1.0,12690,7560,2210,10080,6120,6840,3060,12000,7200,1080,6000,14450,12750,18920,11020,6500,5200,11400,18040,4750
612338,613758,Prefulgence,1200,1.0,12690,7560,2210,10080,6120,6840,3060,12000,7200,1080,7200,14450,12750,18920,11020,6500,5200,11400,18040,4750
613038,613838,Vice of Thorns,950,1.0,12690,7560,2210,10080,6120,6840,3060,12000,7200,1080,7200,14450,12750,18920,11020,6500,5200,11400,18040,5700
613760,614292,Auto,90,1.0,12780,7560,2210,10080,6120,6840,3060,12000,7200,1080,7200,14450,12750,18920,11020,6500,5200,11400,18040,5700
614828,615458,Corps-a-corps,130,1.0,12780,7560,2340,10080,6120,6840,3060,12000,7200,1080,7200,14450,12750,18920,11020,6500,5200,11400,18040,5700
614128,615958,Scorch,750,1.0,12780,7560,2340,10080,6120,6840,3060,12000,7200,1080,7200,14450,13500,18920,11020,6500,5200,11400,18040,5700
615628,616208,Engagement,180,1.0,12780,7560,2340,10080,6120,6840,3240,12000,7200,1080,7200,14450,13500,18920,11020,6500,5200,11400,18040,5700
617200,617732,Auto,90,1.0,12870,7560,2340,10080,6120,6840,3240,12000,7200,1080,7200,14450,13500,18920,11020,6500,5200,11400,18040,5700
617318,617948,Corps-a-corps,130,1.0,12870,7560,2470,10080,6120,6840,3240,12000,7200,1080,7200,14450,13500,18920,11020,6500,5200,11400,18040,5700
616618,618178,Resolution,850,1.0,12870,7560,2470,10080,6120,6840,3240,12000,7200,1080,7200,15300,13500,18920,11020,6500,5200,11400,18040,5700
619108,619738,Enchanted Riposte,340,1.0,12870,7560,2470,10080,6460,6840,3240,12000,7200,1080,7200,15300,13500,18920,11020,6500,5200,11400,18040,5700
620640,621172,Auto,90,1.0,12960,7560,2470,10080,6460,6840,3240,12000,7200,1080,7200,15300,13500,18920,11020,6500,5200,11400,18040,5700
620608,621238,Enchanted Zwerchhau,380,1.0,12960,7560,2470,10080,6460,7220,3240,12000,7200,1080,7200,15300,13500,18920,11020,6500,5200,11400,18040,5700
622108,622738,Enchanted Redoublement,560,1.0,12960,7560,2470,10640,6460,7220,3240,12000,7200,1080,7200,15300,13500,18920,11020,6500,5200,11400,18040,5700
622808,623388,Engagement,180,1.0,12960,7560,2470,10640,6460,7220,3420,12000,7200,1080,7200,15300,13500,18920,11020,6500,5200,11400,18040,5700
624080,624612,Auto,90,1.0,13050,7560,2470,10640,6460,7220,3420,12000,7200,1080,7200,15300,13500,18920,11020,6500,5200,11400,18040,5700
624308,625738,Verholy,650,1.0,13050,7560,2470,10640,6460,7220,3420,12000,7200,1080,7200,15300,13500,18920,11020,6500,5850,11400,18040,5700
627520,628052,Auto,90,1.0,13140,7560,2470,10640,6460,7220,3420,12000,7200,1080,7200,15300,13500,18920,11020,6500,5850,11400,18040,5700
626798,628628,Scorch,750,1.0,13140,7560,2470,10640,6460,7220,3420,12000,7200,1080,7200,15300,14250,18920,11020,6500,5850,11400,18040,5700
629288,630848,Resolution,850,1.0,13140,7560,2470,10640,6460,7220,3420,12000,7200,1080,7200,16150,14250,18920,11020,6500,5850,11400,18040,5700
630960,631492,Auto,90,1.0,13230,7560,2470,10640,6460,7220,3420,12000,7200,1080,7200,16150,14250,18920,11020,6500,5850,11400,18040,5700
631778,632538,Verthunder III,440,1.0,13230,7560,2470,10640,6460,7220,3420,12000,7200,1080,7200,16150,14250,18920,11020,6500,5850,11400,18480,5700
633638,634798,Fleche,480,1.0,13230,7560,2470,10640,6460,7220,3420,12480,7200,1080,7200,16150,14250,18920,11020,6500,5850,11400,18480,5700
636328,636860,Auto,90,1.0,13320,7560,2470,10640,6460,7220,3420,12480,7200,1080,7200,16150,14250,18920,11020,6500,5850,11400,18480,5700
635828,637128,Verfire,380,1.0,13320,7560,2470,10640,6460,7220,3420,12480,7200,1080,7200,16150,14250,18920,11400,6500,5850,11400,18480,5700
636828,637588,Verthunder III,440,1.0,13320,7560,2470,10640,6460,7220,3420,12480,7200,1080,7200,16150,14250,18920,11400,6500,5850,11400,18920,5700
641308,641840,Auto,90,1.0,13410,7560,2470,10640,6460,7220,3420,12480,7200,1080,7200,16150,14250,18920,11400,6500,5850,11400,18920,5700
640808,642108,Verstone,380,1.0,13410,7560,2470,10640,6460,7220,3420,12480,7200,1080,7200,16150,14250,18920,11400,6500,5850,11780,18920,5700
641808,642568,Veraero III,440,1.0,13410,7560,2470,10640,6460,7220,3420,12480,7200,1080,7200,16150,14250,19360,11400,6500,5850,11780,18920,5700
644298,645058,Verthunder III,440,1.0,13410,7560,2470,10640,6460,7220,3420,12480,7200,1080,7200,16150,14250,19360,11400,6500,5850,11780,19360,5700
644748,645280,Auto,90,1.0,13500,7560,2470,10640,6460,7220,3420,12480,7200,1080,7200,16150,14250,19360,11400,6500,5850,11780,19360,5700
645138,646298,Contre Sixte,420,1.0,13500,7980,2470,10640,6460,7220,3420,12480,7200,1080,7200,16150,14250,19360,11400,6500,5850,11780,19360,5700
646788,648338,Grand Impact,600,1.0,13500,7980,2470,10640,6460,7220,3420,12480,7800,1080,7200,16150,14250,19360,11400,6500,5850,11780,19360,5700
648188,648720,Auto,90,1.0,13590,7980,2470,10640,6460,7220,3420,12480,7800,1080,7200,16150,14250,19360,11400,6500,5850,11780,19360,5700
649278,649908,Enchanted Riposte,340,1.0,13590,7980,2470,10640,6800,7220,3420,12480,7800,1080,7200,16150,14250,19360,11400,6500,5850,11780,19360,5700
650778,651408,Enchanted Zwerchhau,380,1.0,13590,7980,2470,10640,6800,7600,3420,12480,7800,1080,7200,16150,14250,19360,11400,6500,5850,11780,19360,5700
651628,652160,Auto,90,1.0,13680,7980,2470,10640,6800,7600,3420,12480,7800,1080,7200,16150,14250,19360,11400,6500,5850,11780,19360,5700
652278,652908,Enchanted Redoublement,560,1.0,13680,7980,2470,11200,6800,7600,3420,12480,7800,1080,7200,16150,14250,19360,11400,6500,5850,11780,19360,5700
655068,655600,Auto,90,1.0,13770,7980,2470,11200,6800,7600,3420,12480,7800,1080,7200,16150,14250,19360,11400,6500,5850,11780,19360,5700
655178,655808,Corps-a-corps,130,1.0,13770,7980,2600,11200,6800,7600,3420,12480,7800,1080,7200,16150,14250,19360,11400,6500,5850,11780,19360,5700
654478,655908,Verholy,650,1.0,13770,7980,2600,11200,6800,7600,3420,12480,7800,1080,7200,16150,14250,19360,11400,6500,6500,11780,19360,5700
655978,656558,Engagement,180,1.0,13770,7980,2600,11200,6800,7600,3600,12480,7800,1080,7200,16150,14250,19360,11400,6500,6500,11780,19360,5700
656968,658798,Scorch,750,1.0,13770,7980,2600,11200,6800,7600,3600,12480,7800,1080,7200,16150,15000,19360,11400,6500,6500,11780,19360,5700
658508,659040,Auto,90,1.0,13860,7980,2600,11200,6800,7600,3600,12480,7800,1080,7200,16150,15000,19360,11400,6500,6500,11780,19360,5700
658638,659798,Fleche,480,1.0,13860,7980,2600,11200,6800,7600,3600,12960,7800,1080,7200,16150,15000,19360,11400,6500,6500,11780,19360,5700
659458,661018,Resolution,850,1.0,13860,7980,2600,11200,6800,7600,3600,12960,7800,1080,7200,17000,15000,19360,11400,6500,6500,11780,19360,5700
663938,664470,Auto,90,1.0,13950,7980,2600,11200,6800,7600,3600,12960,7800,1080,7200,17000,15000,19360,11400,6500,6500,11780,19360,5700
663438,664738,Verstone,380,1.0,13950,7980,2600,11200,6800,7600,3600,12960,7800,1080,7200,17000,15000,19360,11400,6500,6500,12160,19360,5700
664438,665198,Veraero III,440,1.0,13950,7980,2600,11200,6800,7600,3600,12960,7800,1080,7200,17000,15000,19800,11400,6500,6500,12160,19360,5700
668918,669450,Auto,90,1.0,14040,7980,2600,11200,6800,7600,3600,12960,7800,1080,7200,17000,15000,19800,11400,6500,6500,12160,19360,5700
668418,669718,Verstone,380,1.0,14040,7980,2600,11200,6800,7600,3600,12960,7800,1080,7200,17000,15000,19800,11400,6500,6500,12540,19360,5700
669418,670178,Verthunder III,440,1.0,14040,7980,2600,11200,6800,7600,3600,12960,7800,1080,7200,17000,15000,19800,11400,6500,6500,12540,19800,5700
673898,674430,Auto,90,1.0,14130,7980,2600,11200,6800,7600,3600,12960,7800,1080,7200,17000,15000,19800,11400,6500,6500,12540,19800,5700
673398,674698,Verfire,380,1.0,14130,7980,2600,11200,6800,7600,3600,12960,7800,1080,7200,17000,15000,19800,11780,6500,6500,12540,19800,5700
674398,675158,Verthunder III,440,1.0,14130,7980,2600,11200,6800,7600,3600,12960,7800,1080,7200,17000,15000,19800,11780,6500,6500,12540,20240,5700
679378,680138,Verthunder III,440,1.0,14130,7980,2600,11200,6800,7600,3600,12960,7800,1080,7200,17000,15000,19800,11780,6500,6500,12540,20680,5700
680138,681298,Contre Sixte,420,1.0,14130,8400,2600,11200,6800,7600,3600,12960,7800,1080,7200,17000,15000,19800,11780,6500,6500,12540,20680,5700
681878,682410,Auto,90,1.0,14220,8400,2600,11200,6800,7600,3600,12960,7800,1080,7200,17000,15000,19800,11780,6500,6500,12540,20680,5700
681378,682937,Grand Impact,600,1.0,14220,8400,2600,11200,6800,7600,3600,12960,8400,1080,7200,17000,15000,19800,11780,6500,6500,12540,20680,5700
683358,684658,Verfire,380,1.0,14220,8400,2600,11200,6800,7600,3600,12960,8400,1080,7200,17000,15000,19800,12160,6500,6500,12540,20680,5700
684359,685119,Veraero III,440,1.0,14220,8400,2600,11200,6800,7600,3600,12960,8400,1080,7200,17000,15000,20240,12160,6500,6500,12540,20680,5700
685318,685850,Auto,90,1.0,14310,8400,2600,11200,6800,7600,3600,12960,8400,1080,7200,17000,15000,20240,12160,6500,6500,12540,20680,5700
685059,686219,Fleche,480,1.0,14310,8400,2600,11200,6800,7600,3600,13440,8400,1080,7200,17000,15000,20240,12160,6500,6500,12540,20680,5700
686849,687609,Verthunder III,440,1.0,14310,8400,2600,11200,6800,7600,3600,13440,8400,1080,7200,17000,15000,20240,12160,6500,6500,12540,21120,5700
688758,689290,Auto,90,1.0,14400,8400,2600,11200,6800,7600,3600,13440,8400,1080,7200,17000,15000,20240,12160,6500,6500,12540,21120,5700
689339,690139,Verfire,380,1.0,14400,8400,2600,11200,6800,7600,3600,13440,8400,1080,7200,17000,15000,20240,12540,6500,6500,12540,21120,5700
695809,697109,Verstone,380,1.0,14400,8400,2600,11200,6800,7600,3600,13440,8400,1080,7200,17000,15000,20240,12540,6500,6500,12920,21120,5700
696819,697351,Auto,90,1.0,14490,8400,2600,11200,6800,7600,3600,13440,8400,1080,7200,17000,15000,20240,12540,6500,6500,12920,21120,5700
696319,697579,Veraero III,440,1.0,14490,8400,2600,11200,6800,7600,3600,13440,8400,1080,7200,17000,15000,20680,12540,6500,6500,12920,21120,5700
699299,699929,Enchanted Riposte,340,1.0,14490,8400,2600,11200,7140,7600,3600,13440,8400,1080,7200,17000,15000,20680,12540,6500,6500,12920,21120,5700
700799,701429,Enchanted Zwerchhau,380,1.0,14490,8400,2600,11200,7140,7980,3600,13440,8400,1080,7200,17000,15000,20680,12540,6500,6500,12920,21120,5700
701799,702331,Auto,90,1.0,14580,8400,2600,11200,7140,7980,3600,13440,8400,1080,7200,17000,15000,20680,12540,6500,6500,12920,21120,5700
701299,702559,Veraero III,440,1.0,14580,8400,2600,11200,7140,7980,3600,13440,8400,1080,7200,17000,15000,21120,12540,6500,6500,12920,21120,5700
702299,702929,Enchanted Redoublement,560,1.0,14580,8400,2600,11760,7140,7980,3600,13440,8400,1080,7200,17000,15000,21120,12540,6500,6500,12920,21120,5700
705239,705771,Auto,90,1.0,14670,8400,2600,11760,7140,7980,3600,13440,8400,1080,7200,17000,15000,21120,12540,6500,6500,12920,21120,5700
704499,705929,Verflare,650,1.0,14670,8400,2600,11760,7140,7980,3600,13440,8400,1080,7200,17000,15000,21120,12540,7150,6500,12920,21120,5700
706989,708819,Scorch,750,1.0,14670,8400,2600,11760,7140,7980,3600,13440,8400,1080,7200,17000,15750,21120,12540,7150,6500,12920,21120,5700
708679,709211,Auto,90,1.0,14760,8400,2600,11760,7140,7980,3600,13440,8400,1080,7200,17000,15750,21120,12540,7150,6500,12920,21120,5700
709479,711039,Resolution,850,1.0,14760,8400,2600,11760,7140,7980,3600,13440,8400,1080,7200,17850,15750,21120,12540,7150,6500,12920,21120,5700
712119,712651,Auto,90,1.0,14850,8400,2600,11760,7140,7980,3600,13440,8400,1080,7200,17850,15750,21120,12540,7150,6500,12920,21120,5700
711969,712769,Verfire,380,1.0,14850,8400,2600,11760,7140,7980,3600,13440,8400,1080,7200,17850,15750,21120,12920,7150,6500,12920,21120,5700
715159,716319,Contre Sixte,420,1.0,14850,8820,2600,11760,7140,7980,3600,13440,8400,1080,7200,17850,15750,21120,12920,7150,6500,12920,21120,5700
716949,717709,Veraero III,440,1.0,14850,8820,2600,11760,7140,7980,3600,13440,8400,1080,7200,17850,15750,21560,12920,7150,6500,12920,21120,5700
719449,719981,Auto,90,1.0,14940,8820,2600,11760,7140,7980,3600,13440,8400,1080,7200,17850,15750,21560,12920,7150,6500,12920,21120,5700
719439,720069,Enchanted Riposte,340,1.0,14940,8820,2600,11760,7480,7980,3600,13440,8400,1080,7200,17850,15750,21560,12920,7150,6500,12920,21120,5700
718949,720209,Veraero III,440,1.0,14940,8820,2600,11760,7480,7980,3600,13440,8400,1080,7200,17850,15750,22000,12920,7150,6500,12920,21120,5700
720139,721299,Fleche,480,1.0,14940,8820,2600,11760,7480,7980,3600,13920,8400,1080,7200,17850,15750,22000,12920,7150,6500,12920,21120,5700
720939,721569,Enchanted Zwerchhau,380,1.0,14940,8820,2600,11760,7480,8360,3600,13920,8400,1080,7200,17850,15750,22000,12920,7150,6500,12920,21120,5700
722439,723069,Enchanted Redoublement,560,1.0,14940,8820,2600,12320,7480,8360,3600,13920,8400,1080,7200,17850,15750,22000,12920,7150,6500,12920,21120,5700
722889,723421,Auto,90,1.0,15030,8820,2600,12320,7480,8360,3600,13920,8400,1080,7200,17850,15750,22000,12920,7150,6500,12920,21120,5700
724639,726069,Verflare,650,1.0,15030,8820,2600,12320,7480,8360,3600,13920,8400,1080,7200,17850,15750,22000,12920,7800,6500,12920,21120,5700
726329,726861,Auto,90,1.0,15120,8820,2600,12320,7480,8360,3600,13920,8400,1080,7200,17850,15750,22000,12920,7800,6500,12920,21120,5700
727129,728959,Scorch,750,1.0,15120,8820,2600,12320,7480,8360,3600,13920,8400,1080,7200,17850,16500,22000,12920,7800,6500,12920,21120,5700
728529,729159,Corps-a-corps,130,1.0,15120,8820,2730,12320,7480,8360,3600,13920,8400,1080,7200,17850,16500,22000,12920,7800,6500,12920,21120,5700
729769,730301,Auto,90,1.0,15210,8820,2730,12320,7480,8360,3600,13920,8400,1080,7200,17850,16500,22000,12920,7800,6500,12920,21120,5700
730319,730899,Engagement,180,1.0,15210,8820,2730,12320,7480,8360,3780,13920,8400,1080,7200,17850,16500,22000,12920,7800,6500,12920,21120,5700
729619,731179,Resolution,850,1.0,15210,8820,2730,12320,7480,8360,3780,13920,8400,1080,7200,18700,16500,22000,12920,7800,6500,12920,21120,5700
732109,732739,Enchanted Riposte,340,1.0,15210,8820,2730,12320,7820,8360,3780,13920,8400,1080,7200,18700,16500,22000,12920,7800,6500,12920,21120,5700
732809,733439,Corps-a-corps,130,1.0,15210,8820,2860,12320,7820,8360,3780,13920,8400,1080,7200,18700,16500,22000,12920,7800,6500,12920,21120,5700
733209,733741,Auto,90,1.0,15300,8820,2860,12320,7820,8360,3780,13920,8400,1080,7200,18700,16500,22000,12920,7800,6500,12920,21120,5700
733610,734240,Enchanted Zwerchhau,380,1.0,15300,8820,2860,12320,7820,8740,3780,13920,8400,1080,7200,18700,16500,22000,12920,7800,6500,12920,21120,5700
734310,734890,Engagement,180,1.0,15300,8820,2860,12320,7820,8740,3960,13920,8400,1080,7200,18700,16500,22000,12920,7800,6500,12920,21120,5700
735110,735740,Enchanted Redoublement,560,1.0,15300,8820,2860,12880,7820,8740,3960,13920,8400,1080,7200,18700,16500,22000,12920,7800,6500,12920,21120,5700
735810,736610,Vice of Thorns,950,1.0,15300,8820,2860,12880,7820,8740,3960,13920,8400,1080,7200,18700,16500,22000,12920,7800,6500,12920,21120,6650
736649,737181,Auto,90,1.0,15390,8820,2860,12880,7820,8740,3960,13920,8400,1080,7200,18700,16500,22000,12920,7800,6500,12920,21120,6650
737310,738740,Verholy,650,1.0,15390,8820,2860,12880,7820,8740,3960,13920,8400,1080,7200,18700,16500,22000,12920,7800,7150,12920,21120,6650
738010,739430,Prefulgence,1200,1.0,15390,8820,2860,12880,7820,8740,3960,13920,8400,1080,8400,18700,16500,22000,12920,7800,7150,12920,21120,6650
740089,740621,Auto,90,1.0,15480,8820,2860,12880,7820,8740,3960,13920,8400,1080,8400,18700,16500,22000,12920,7800,7150,12920,21120,6650
739800,741630,Scorch,750,1.0,15480,8820,2860,12880,7820,8740,3960,13920,8400,1080,8400,18700,17250,22000,12920,7800,7150,12920,21120,6650
742290,743850,Resolution,850,1.0,15480,8820,2860,12880,7820,8740,3960,13920,8400,1080,8400,19550,17250,22000,12920,7800,7150,12920,21120,6650
743529,744061,Auto,90,1.0,15570,8820,2860,12880,7820,8740,3960,13920,8400,1080,8400,19550,17250,22000,12920,7800,7150,12920,21120,6650
745480,746640,Fleche,480,1.0,15570,8820,2860,12880,7820,8740,3960,14400,8400,1080,8400,19550,17250,22000,12920,7800,7150,12920,21120,6650
747270,748030,Veraero III,440,1.0,15570,8820,2860,12880,7820,8740,3960,14400,8400,1080,8400,19550,17250,22440,12920,7800,7150,12920,21120,6650
749770,750302,Auto,90,1.0,15660,8820,2860,12880,7820,8740,3960,14400,8400,1080,8400,19550,17250,22440,12920,7800,7150,12920,21120,6650
749270,750829,Grand Impact,600,1.0,15660,8820,2860,12880,7820,8740,3960,14400,9000,1080,8400,19550,17250,22440,12920,7800,7150,12920,21120,6650
751250,752550,Verfire,380,1.0,15660,8820,2860,12880,7820,8740,3960,14400,9000,1080,8400,19550,17250,22440,13300,7800,7150,12920,21120,6650
752250,753010,Verthunder III,440,1.0,15660,8820,2860,12880,7820,8740,3960,14400,9000,1080,8400,19550,17250,22440,13300,7800,7150,12920,21560,6650
753210,753742,Auto,90,1.0,15750,8820,2860,12880,7820,8740,3960,14400,9000,1080,8400,19550,17250,22440,13300,7800,7150,12920,21560,6650
752950,754110,Contre Sixte,420,1.0,15750,9240,2860,12880,7820,8740,3960,14400,9000,1080,8400,19550,17250,22440,13300,7800,7150,12920,21560,6650
