sim_timestamp,sim_damage_timestamp,sim_name,sim_potency,sim_expected,sim_weight,sim_target,sim_conditions,sim_variance,sim_buffs
-510,750,Veraero III,440.0,58789.0,,Default Target,[],244427179.0,[]
790,790,Acceleration,,,,,,,[]
90,850,Verthunder III,440.0,58789.0,,Default Target,[],244427179.0,[]
750,1282,Auto,90.0,0.0,,Default Target,[],0.0,[]
1490,1490,Swiftcast,,,,,,,[]
3280,3280,Grade 4 Gemdraught,,,,,,,[]
2580,3340,Veraero III,440.0,58789.0,,Default Target,['Acceleration'],244427179.0,['Acceleration']
4190,4722,Auto,90.0,0.0,,Default Target,[],0.0,['Grade 4 Gemdraught']
3980,5140,Fleche,480.0,69385.0,,Default Target,[],340487310.0,['Grade 4 Gemdraught']
5770,5770,Embolden,,,,,,,[]
5070,5830,Veraero III,440.0,63612.0,,Default Target,[],286194593.0,['Grade 4 Gemdraught']
6470,6470,Manafication,,,,,,,[]
7630,8162,Auto,90.0,0.0,,Default Target,[],0.0,['Grade 4 Gemdraught']
7560,8190,Enchanted Riposte,340.0,54067.0,,Default Target,[],206747367.0,"['Embolden', 'Grade 4 Gemdraught']"
8260,9420,Contre Sixte,420.0,60692.0,,Default Target,[],260518177.0,['Grade 4 Gemdraught']
9060,9690,Enchanted Zwerchhau,380.0,60414.0,,Default Target,[],258130870.0,"['Embolden', 'Grade 4 Gemdraught']"
9760,10390,Corps-a-corps,130.0,18770.0,,Default Target,[],24916910.0,['Grade 4 Gemdraught']
10560,11190,Enchanted Redoublement,560.0,89017.0,,Default Target,[],560428251.0,"['Embolden', 'Grade 4 Gemdraught']"
11070,11602,Auto,90.0,0.0,,Default Target,[],0.0,['Grade 4 Gemdraught']
11260,11840,Engagement,180.0,25999.0,,Default Target,[],47804981.0,['Grade 4 Gemdraught']
11960,12590,Corps-a-corps,130.0,18770.0,,Default Target,[],24916910.0,['Grade 4 Gemdraught']
12760,14190,Verflare,650.0,103395.0,,Default Target,[],756068568.0,"['Embolden', 'Grade 4 Gemdraught']"
13460,14880,Prefulgence,1200.0,190887.0,,Default Target,[],2576992463.0,"['Embolden', 'Grade 4 Gemdraught']"
14510,15042,Auto,90.0,0.0,,Default Target,[],0.0,['Grade 4 Gemdraught']
15950,16750,Vice of Thorns,950.0,151118.0,,Default Target,[],1615068530.0,"['Embolden', 'Grade 4 Gemdraught']"
15250,17080,Scorch,750.0,119303.0,,Default Target,[],1006623535.0,"['Embolden', 'Grade 4 Gemdraught']"
17950,18482,Auto,90.0,0.0,,Default Target,[],0.0,['Grade 4 Gemdraught']
18440,19020,Engagement,180.0,25999.0,,Default Target,[],47804981.0,['Grade 4 Gemdraught']
17740,19300,Resolution,850.0,135211.0,,Default Target,[],1292966584.0,"['Embolden', 'Grade 4 Gemdraught']"
24211,25511,Verfire,380.0,60414.0,,Default Target,[],258130870.0,"['Embolden', 'Grade 4 Gemdraught']"
25221,25753,Auto,90.0,0.0,,Default Target,[],0.0,['Grade 4 Gemdraught']
25911,25911,Acceleration,,,,,,,[]
24721,26280,Grand Impact,600.0,95441.0,,Default Target,['Dualcast'],644210105.0,"['Dualcast', 'Embolden', 'Grade 4 Gemdraught']"
27701,28461,Verthunder III,440.0,63612.0,,Default Target,['Dualcast'],286194593.0,"['Dualcast', 'Grade 4 Gemdraught']"
28980,30140,Fleche,480.0,69385.0,,Default Target,[],340487310.0,['Grade 4 Gemdraught']
30201,30733,Auto,90.0,0.0,,Default Target,[],0.0,['Grade 4 Gemdraught']
29701,30961,Verthunder III,440.0,63612.0,,Default Target,[],286194593.0,['Grade 4 Gemdraught']
30191,30991,Verstone,380.0,54922.0,,Default Target,[],213328618.0,['Grade 4 Gemdraught']
36661,37961,Verfire,380.0,50757.0,,Default Target,[],182200329.0,[]
37670,38202,Auto,90.0,0.0,,Default Target,[],0.0,[]
37170,38430,Veraero III,440.0,58789.0,,Default Target,[],244427179.0,[]
41490,41490,Swiftcast,,,,,,,[]
40151,41701,Grand Impact,600.0,80186.0,,Default Target,['Dualcast'],454729630.0,['Dualcast']
42651,43183,Auto,90.0,0.0,,Default Target,[],0.0,[]
42641,43401,Veraero III,440.0,58789.0,,Default Target,[],244427179.0,[]
42151,43411,Verthunder III,440.0,58789.0,,Default Target,[],244427179.0,[]
43341,44501,Contre Sixte,420.0,56090.0,,Default Target,[],222500548.0,[]
45131,45931,Verstone,380.0,50757.0,,Default Target,[],182200329.0,[]
46091,46623,Auto,90.0,0.0,,Default Target,[],0.0,[]
51601,52901,Verfire,380.0,50757.0,,Default Target,[],182200329.0,[]
52611,53143,Auto,90.0,0.0,,Default Target,[],0.0,[]
52111,53371,Veraero III,440.0,58789.0,,Default Target,[],244427179.0,[]
53980,55140,Fleche,480.0,64122.0,,Default Target,[],290787518.0,[]
55091,55721,Enchanted Riposte,340.0,45424.0,,Default Target,[],145935258.0,[]
56591,57221,Enchanted Zwerchhau,380.0,50757.0,,Default Target,[],182200329.0,[]
57591,58123,Auto,90.0,0.0,,Default Target,[],0.0,[]
57091,58351,Veraero III,440.0,58789.0,,Default Target,[],244427179.0,[]
58091,58721,Enchanted Redoublement,560.0,74789.0,,Default Target,[],395571785.0,[]
61031,61563,Auto,90.0,0.0,,Default Target,[],0.0,[]
60291,61721,Verflare,650.0,86868.0,,Default Target,[],533662903.0,[]
62781,64611,Scorch,750.0,100233.0,,Default Target,[],710514409.0,[]
64471,65003,Auto,90.0,0.0,,Default Target,[],0.0,[]
65971,66601,Corps-a-corps,130.0,17345.0,,Default Target,[],21279571.0,[]
65271,66831,Resolution,850.0,113597.0,,Default Target,[],912629515.0,[]
66771,67351,Engagement,180.0,24028.0,,Default Target,[],40829175.0,[]
67911,68443,Auto,90.0,0.0,,Default Target,[],0.0,[]
67761,68561,Verfire,380.0,50757.0,,Default Target,[],182200329.0,[]
74232,75532,Verstone,380.0,50757.0,,Default Target,[],182200329.0,[]
75242,75774,Auto,90.0,0.0,,Default Target,[],0.0,[]
75932,75932,Acceleration,,,,,,,[]
74742,76002,Veraero III,440.0,58789.0,,Default Target,[],244427179.0,[]
77722,78482,Verthunder III,440.0,58789.0,,Default Target,['Dualcast'],244427179.0,['Dualcast']
78422,79582,Contre Sixte,420.0,56090.0,,Default Target,[],222500548.0,[]
79122,80282,Fleche,480.0,64122.0,,Default Target,[],290787518.0,[]
80222,80754,Auto,90.0,0.0,,Default Target,[],0.0,[]
79722,80982,Veraero III,440.0,58789.0,,Default Target,[],244427179.0,[]
80212,81012,Verstone,380.0,50757.0,,Default Target,[],182200329.0,[]
86682,87982,Verfire,380.0,50757.0,,Default Target,[],182200329.0,[]
87692,88224,Auto,90.0,0.0,,Default Target,[],0.0,[]
87192,88452,Veraero III,440.0,58789.0,,Default Target,[],244427179.0,[]
90172,90972,Verfire,380.0,50757.0,,Default Target,[],182200329.0,[]
92672,93204,Auto,90.0,0.0,,Default Target,[],0.0,[]
92172,93432,Verthunder III,440.0,58789.0,,Default Target,[],244427179.0,[]
96642,97942,Verstone,380.0,50757.0,,Default Target,[],182200329.0,[]
97652,98184,Auto,90.0,0.0,,Default Target,[],0.0,[]
97152,98412,Veraero III,440.0,58789.0,,Default Target,[],244427179.0,[]
100132,100932,Verfire,380.0,50757.0,,Default Target,[],182200329.0,[]
102632,103164,Auto,90.0,0.0,,Default Target,[],0.0,[]
102132,103392,Verthunder III,440.0,58789.0,,Default Target,[],244427179.0,[]
104122,105282,Fleche,480.0,64122.0,,Default Target,[],290787518.0,[]
105812,105812,Swiftcast,,,,,,,[]
107602,108362,Veraero III,440.0,58789.0,,Default Target,[],244427179.0,[]
107112,108372,Veraero III,440.0,58789.0,,Default Target,['Dualcast'],244427179.0,['Dualcast']
110102,110634,Auto,90.0,0.0,,Default Target,[],0.0,[]
110092,110722,Enchanted Riposte,340.0,45424.0,,Default Target,[],145935258.0,[]
109602,111161,Grand Impact,600.0,80186.0,,Default Target,['Dualcast'],454729630.0,['Dualcast']
111592,112222,Enchanted Zwerchhau,380.0,50757.0,,Default Target,[],182200329.0,[]
113092,113722,Enchanted Redoublement,560.0,74789.0,,Default Target,[],395571785.0,[]
113542,114074,Auto,90.0,0.0,,Default Target,[],0.0,[]
113792,114952,Contre Sixte,420.0,56090.0,,Default Target,[],222500548.0,[]
115292,116722,Verholy,650.0,86868.0,,Default Target,[],533662903.0,[]
116982,117514,Auto,90.0,0.0,,Default Target,[],0.0,[]
117782,119612,Scorch,750.0,100233.0,,Default Target,[],710514409.0,[]
120422,120954,Auto,90.0,0.0,,Default Target,[],0.0,[]
120973,120973,Manafication,,,,,,,[]
120273,121833,Resolution,850.0,113597.0,,Default Target,[],912629515.0,[]
122763,123393,Enchanted Riposte,340.0,45424.0,,Default Target,[],145935258.0,[]
123862,124394,Auto,90.0,0.0,,Default Target,[],0.0,[]
124263,124893,Enchanted Zwerchhau,380.0,50757.0,,Default Target,[],182200329.0,[]
125763,126393,Enchanted Redoublement,560.0,74789.0,,Default Target,[],395571785.0,[]
126463,126463,Embolden,,,,,,,[]
127163,127793,Corps-a-corps,130.0,17345.0,,Default Target,[],21279571.0,[]
127302,127834,Auto,90.0,0.0,,Default Target,[],0.0,[]
128663,129243,Engagement,180.0,24028.0,,Default Target,[],40829175.0,[]
127963,129393,Verflare,650.0,95554.0,,Default Target,[],645723548.0,['Embolden']
129363,130523,Fleche,480.0,64122.0,,Default Target,[],290787518.0,[]
130742,131274,Auto,90.0,0.0,,Default Target,[],0.0,[]
130453,132283,Scorch,750.0,110255.0,,Default Target,[],859721724.0,['Embolden']
131853,132483,Corps-a-corps,130.0,17345.0,,Default Target,[],21279571.0,[]
131153,132573,Prefulgence,1200.0,176412.0,,Default Target,[],2200976413.0,['Embolden']
133643,134443,Vice of Thorns,950.0,139658.0,,Default Target,[],1379399405.0,['Embolden']
132943,134503,Resolution,850.0,124957.0,,Default Target,[],1104284214.0,['Embolden']
134182,134714,Auto,90.0,0.0,,Default Target,[],0.0,[]
134343,134923,Engagement,180.0,24028.0,,Default Target,[],40829175.0,[]
135433,136063,Enchanted Riposte,340.0,49967.0,,Default Target,[],176581189.0,['Embolden']
136933,137563,Enchanted Zwerchhau,380.0,55832.0,,Default Target,[],220461023.0,['Embolden']
137622,138154,Auto,90.0,0.0,,Default Target,[],0.0,[]
138433,139063,Enchanted Redoublement,560.0,82267.0,,Default Target,[],478644875.0,['Embolden']
141062,141594,Auto,90.0,0.0,,Default Target,[],0.0,[]
140633,142063,Verflare,650.0,95554.0,,Default Target,[],645723548.0,['Embolden']
143123,144953,Scorch,750.0,110255.0,,Default Target,[],859721724.0,['Embolden']
144502,145034,Auto,90.0,0.0,,Default Target,[],0.0,[]
146313,146313,Acceleration,,,,,,,[]
145613,147173,Resolution,850.0,124957.0,,Default Target,[],1104284214.0,['Embolden']
147942,148474,Auto,90.0,0.0,,Default Target,[],0.0,[]
148103,148863,Veraero III,440.0,58789.0,,Default Target,[],244427179.0,[]
148803,149963,Contre Sixte,420.0,56090.0,,Default Target,[],222500548.0,[]
152583,153115,Auto,90.0,0.0,,Default Target,[],0.0,[]
152083,153383,Verstone,380.0,50757.0,,Default Target,[],182200329.0,[]
153083,153843,Veraero III,440.0,58789.0,,Default Target,[],244427179.0,[]
154363,155523,Fleche,480.0,64122.0,,Default Target,[],290787518.0,[]
157563,158095,Auto,90.0,0.0,,Default Target,[],0.0,[]
157063,158363,Verstone,380.0,50757.0,,Default Target,[],182200329.0,[]
158063,158823,Veraero III,440.0,58789.0,,Default Target,[],244427179.0,[]
162543,163075,Auto,90.0,0.0,,Default Target,[],0.0,[]
162043,163343,Verfire,380.0,50757.0,,Default Target,[],182200329.0,[]
163743,163743,Swiftcast,,,,,,,[]
163043,163803,Verthunder III,440.0,58789.0,,Default Target,[],244427179.0,[]
165533,166293,Verthunder III,440.0,58789.0,,Default Target,[],244427179.0,[]
165983,166515,Auto,90.0,0.0,,Default Target,[],0.0,[]
168024,169574,Grand Impact,600.0,80186.0,,Default Target,['Dualcast'],454729630.0,['Dualcast']
169423,169955,Auto,90.0,0.0,,Default Target,[],0.0,[]
172004,173304,Jolt III,360.0,48059.0,,Default Target,[],163349209.0,[]
172863,173395,Auto,90.0,0.0,,Default Target,[],0.0,[]
173704,173704,Acceleration,,,,,,,[]
173004,173764,Verthunder III,440.0,58789.0,,Default Target,[],244427179.0,[]
175494,176254,Veraero III,440.0,58789.0,,Default Target,[],244427179.0,[]
176194,176824,Corps-a-corps,130.0,17345.0,,Default Target,[],21279571.0,[]
176303,176835,Auto,90.0,0.0,,Default Target,[],0.0,[]
176994,177574,Engagement,180.0,24028.0,,Default Target,[],40829175.0,[]
179363,180523,Fleche,480.0,64122.0,,Default Target,[],290787518.0,[]
181964,183264,Verstone,380.0,50757.0,,Default Target,[],182200329.0,[]
182974,183506,Auto,90.0,0.0,,Default Target,[],0.0,[]
182474,184033,Grand Impact,600.0,80186.0,,Default Target,['Dualcast'],454729630.0,['Dualcast']
183803,184963,Contre Sixte,420.0,56090.0,,Default Target,[],222500548.0,[]
185454,186084,Enchanted Riposte,340.0,45424.0,,Default Target,[],145935258.0,[]
186954,187584,Enchanted Zwerchhau,380.0,50757.0,,Default Target,[],182200329.0,[]
187954,188486,Auto,90.0,0.0,,Default Target,[],0.0,[]
187454,188714,Veraero III,440.0,58789.0,,Default Target,[],244427179.0,[]
188454,189084,Enchanted Redoublement,560.0,74789.0,,Default Target,[],395571785.0,[]
191394,191926,Auto,90.0,0.0,,Default Target,[],0.0,[]
190654,192084,Verflare,650.0,86868.0,,Default Target,[],533662903.0,[]
193144,194974,Scorch,750.0,100233.0,,Default Target,[],710514409.0,[]
194834,195366,Auto,90.0,0.0,,Default Target,[],0.0,[]
195634,197194,Resolution,850.0,113597.0,,Default Target,[],912629515.0,[]
198274,198806,Auto,90.0,0.0,,Default Target,[],0.0,[]
198124,198924,Verstone,380.0,50757.0,,Default Target,[],182200329.0,[]
204594,205894,Verfire,380.0,50757.0,,Default Target,[],182200329.0,[]
205604,206136,Auto,90.0,0.0,,Default Target,[],0.0,[]
205104,206364,Veraero III,440.0,58789.0,,Default Target,[],244427179.0,[]
206994,206994,Swiftcast,,,,,,,[]
206294,207454,Fleche,480.0,64122.0,,Default Target,[],290787518.0,[]
208084,208844,Veraero III,440.0,58789.0,,Default Target,['Dualcast'],244427179.0,['Dualcast']
210584,211116,Auto,90.0,0.0,,Default Target,[],0.0,[]
210084,211344,Verthunder III,440.0,58789.0,,Default Target,[],244427179.0,[]
210574,211374,Jolt III,360.0,48059.0,,Default Target,[],163349209.0,[]
217044,218344,Verfire,380.0,50757.0,,Default Target,[],182200329.0,[]
218054,218586,Auto,90.0,0.0,,Default Target,[],0.0,[]
217554,218814,Verthunder III,440.0,58789.0,,Default Target,[],244427179.0,[]
218803,219963,Contre Sixte,420.0,56090.0,,Default Target,[],222500548.0,[]
220535,221335,Verstone,380.0,50757.0,,Default Target,[],182200329.0,[]
223035,223567,Auto,90.0,0.0,,Default Target,[],0.0,[]
223725,223725,Acceleration,,,,,,,[]
222535,223795,Veraero III,440.0,58789.0,,Default Target,[],244427179.0,[]
225515,226275,Veraero III,440.0,58789.0,,Default Target,['Dualcast'],244427179.0,['Dualcast']
226215,226845,Corps-a-corps,130.0,17345.0,,Default Target,[],21279571.0,[]
227015,227595,Engagement,180.0,24028.0,,Default Target,[],40829175.0,[]
228015,228547,Auto,90.0,0.0,,Default Target,[],0.0,[]
227515,228775,Verthunder III,440.0,58789.0,,Default Target,[],244427179.0,[]
229495,230795,Verstone,380.0,50757.0,,Default Target,[],182200329.0,[]
230495,231255,Verthunder III,440.0,58789.0,,Default Target,[],244427179.0,[]
231455,231987,Auto,90.0,0.0,,Default Target,[],0.0,[]
231994,231994,Manafication,,,,,,,[]
231294,232454,Fleche,480.0,64122.0,,Default Target,[],290787518.0,[]
236965,238265,Jolt III,360.0,48059.0,,Default Target,[],163349209.0,[]
237975,238507,Auto,90.0,0.0,,Default Target,[],0.0,[]
237475,239034,Grand Impact,600.0,80186.0,,Default Target,['Dualcast'],454729630.0,['Dualcast']
240455,241255,Verfire,380.0,50757.0,,Default Target,[],182200329.0,[]
242955,243487,Auto,90.0,0.0,,Default Target,[],0.0,[]
242945,243575,Enchanted Riposte,340.0,45424.0,,Default Target,[],145935258.0,[]
242455,243715,Verthunder III,440.0,58789.0,,Default Target,[],244427179.0,[]
244445,245075,Enchanted Zwerchhau,380.0,50757.0,,Default Target,[],182200329.0,[]
245945,246575,Enchanted Redoublement,560.0,74789.0,,Default Target,[],395571785.0,[]
246645,246645,Embolden,,,,,,,[]
246395,246927,Auto,90.0,0.0,,Default Target,[],0.0,[]
247345,248765,Prefulgence,1200.0,176412.0,,Default Target,[],2200976413.0,['Embolden']
248845,249475,Corps-a-corps,130.0,17345.0,,Default Target,[],21279571.0,[]
248145,249575,Verholy,650.0,95554.0,,Default Target,[],645723548.0,['Embolden']
249645,250225,Engagement,180.0,24028.0,,Default Target,[],40829175.0,[]
249835,250367,Auto,90.0,0.0,,Default Target,[],0.0,[]
251335,252135,Vice of Thorns,950.0,139658.0,,Default Target,[],1379399405.0,['Embolden']
250635,252465,Scorch,750.0,110255.0,,Default Target,[],859721724.0,['Embolden']
253275,253807,Auto,90.0,0.0,,Default Target,[],0.0,[]
253125,254685,Resolution,850.0,124957.0,,Default Target,[],1104284214.0,['Embolden']
253825,254985,Contre Sixte,420.0,56090.0,,Default Target,[],222500548.0,[]
255615,256245,Enchanted Riposte,340.0,49967.0,,Default Target,[],176581189.0,['Embolden']
256715,257247,Auto,90.0,0.0,,Default Target,[],0.0,[]
256315,257475,Fleche,480.0,64122.0,,Default Target,[],290787518.0,[]
257115,257745,Enchanted Zwerchhau,380.0,55832.0,,Default Target,[],220461023.0,['Embolden']
258615,259245,Enchanted Redoublement,560.0,82267.0,,Default Target,[],478644875.0,['Embolden']
260155,260687,Auto,90.0,0.0,,Default Target,[],0.0,[]
260815,262245,Verflare,650.0,95554.0,,Default Target,[],645723548.0,['Embolden']
263595,264127,Auto,90.0,0.0,,Default Target,[],0.0,[]
263305,265135,Scorch,750.0,110255.0,,Default Target,[],859721724.0,['Embolden']
265795,267355,Resolution,850.0,124957.0,,Default Target,[],1104284214.0,['Embolden']
267035,267567,Auto,90.0,0.0,,Default Target,[],0.0,[]
270475,271007,Auto,90.0,0.0,,Default Target,[],0.0,[]
269776,271076,Verstone,380.0,50757.0,,Default Target,[],182200329.0,[]
270776,271536,Veraero III,440.0,58789.0,,Default Target,[],244427179.0,[]
275256,275788,Auto,90.0,0.0,,Default Target,[],0.0,[]
274756,276056,Verfire,380.0,50757.0,,Default Target,[],182200329.0,[]
275756,276516,Verthunder III,440.0,58789.0,,Default Target,[],244427179.0,[]
280236,280768,Auto,90.0,0.0,,Default Target,[],0.0,[]
279736,281036,Verstone,380.0,50757.0,,Default Target,[],182200329.0,[]
280736,281496,Veraero III,440.0,58789.0,,Default Target,[],244427179.0,[]
281436,282596,Fleche,480.0,64122.0,,Default Target,[],290787518.0,[]
285216,285748,Auto,90.0,0.0,,Default Target,[],0.0,[]
284716,286016,Verfire,380.0,50757.0,,Default Target,[],182200329.0,[]
285716,286476,Verthunder III,440.0,58789.0,,Default Target,[],244427179.0,[]
286416,286996,Engagement,180.0,24028.0,,Default Target,[],40829175.0,[]
287116,287116,Acceleration,,,,,,,[]
288206,288966,Veraero III,440.0,58789.0,,Default Target,[],244427179.0,[]
288656,289188,Auto,90.0,0.0,,Default Target,[],0.0,[]
288906,290066,Contre Sixte,420.0,56090.0,,Default Target,[],222500548.0,[]
292686,293218,Auto,90.0,0.0,,Default Target,[],0.0,[]
292186,293486,Verfire,380.0,50757.0,,Default Target,[],182200329.0,[]
293186,293946,Verthunder III,440.0,58789.0,,Default Target,[],244427179.0,[]
299656,300956,Verstone,380.0,50757.0,,Default Target,[],182200329.0,[]
300666,301198,Auto,90.0,0.0,,Default Target,[],0.0,[]
300166,301725,Grand Impact,600.0,80186.0,,Default Target,['Dualcast'],454729630.0,['Dualcast']
301356,301986,Corps-a-corps,130.0,17345.0,,Default Target,[],21279571.0,[]
303146,303776,Enchanted Riposte,340.0,45424.0,,Default Target,[],145935258.0,[]
304646,305276,Enchanted Zwerchhau,380.0,50757.0,,Default Target,[],182200329.0,[]
305646,306178,Auto,90.0,0.0,,Default Target,[],0.0,[]
305146,306406,Verthunder III,440.0,58789.0,,Default Target,[],244427179.0,[]
306146,306776,Enchanted Redoublement,560.0,74789.0,,Default Target,[],395571785.0,[]
306846,308006,Fleche,480.0,64122.0,,Default Target,[],290787518.0,[]
309086,309618,Auto,90.0,0.0,,Default Target,[],0.0,[]
308346,309776,Verholy,650.0,86868.0,,Default Target,[],533662903.0,[]
310836,312666,Scorch,750.0,100233.0,,Default Target,[],710514409.0,[]
312526,313058,Auto,90.0,0.0,,Default Target,[],0.0,[]
313326,314886,Resolution,850.0,113597.0,,Default Target,[],912629515.0,[]
315966,316498,Auto,90.0,0.0,,Default Target,[],0.0,[]
315816,316616,Verstone,380.0,50757.0,,Default Target,[],182200329.0,[]
322287,323587,Verfire,380.0,50757.0,,Default Target,[],182200329.0,[]
323297,323829,Auto,90.0,0.0,,Default Target,[],0.0,[]
322797,324057,Veraero III,440.0,58789.0,,Default Target,[],244427179.0,[]
323987,325147,Contre Sixte,420.0,56090.0,,Default Target,[],222500548.0,[]
325777,326577,Verfire,380.0,50757.0,,Default Target,[],182200329.0,[]
328277,328809,Auto,90.0,0.0,,Default Target,[],0.0,[]
327777,329037,Verthunder III,440.0,58789.0,,Default Target,[],244427179.0,[]
328967,329547,Engagement,180.0,24028.0,,Default Target,[],40829175.0,[]
329667,329667,Swiftcast,,,,,,,[]
330757,331517,Verthunder III,440.0,58789.0,,Default Target,['Dualcast'],244427179.0,['Dualcast']
331846,333006,Fleche,480.0,64122.0,,Default Target,[],290787518.0,[]
333257,333789,Auto,90.0,0.0,,Default Target,[],0.0,[]
332757,334017,Veraero III,440.0,58789.0,,Default Target,[],244427179.0,[]
334737,336037,Verstone,380.0,50757.0,,Default Target,[],182200329.0,[]
335737,336497,Veraero III,440.0,58789.0,,Default Target,[],244427179.0,[]
336437,337067,Corps-a-corps,130.0,17345.0,,Default Target,[],21279571.0,[]
336697,337229,Auto,90.0,0.0,,Default Target,[],0.0,[]
340217,340749,Auto,90.0,0.0,,Default Target,[],0.0,[]
339717,341017,Verfire,380.0,50757.0,,Default Target,[],182200329.0,[]
340717,341477,Verthunder III,440.0,58789.0,,Default Target,[],244427179.0,[]
345197,345729,Auto,90.0,0.0,,Default Target,[],0.0,[]
344697,345997,Verstone,380.0,50757.0,,Default Target,[],182200329.0,[]
345697,346457,Veraero III,440.0,58789.0,,Default Target,[],244427179.0,[]
350177,350709,Auto,90.0,0.0,,Default Target,[],0.0,[]
349677,350977,Verfire,380.0,50757.0,,Default Target,[],182200329.0,[]
350677,351437,Verthunder III,440.0,58789.0,,Default Target,[],244427179.0,[]
353167,353797,Enchanted Riposte,340.0,45424.0,,Default Target,[],145935258.0,[]
353617,354149,Auto,90.0,0.0,,Default Target,[],0.0,[]
354667,355297,Enchanted Zwerchhau,380.0,50757.0,,Default Target,[],182200329.0,[]
356167,356797,Enchanted Redoublement,560.0,74789.0,,Default Target,[],395571785.0,[]
356867,356867,Grade 4 Gemdraught,,,,,,,[]
357057,357589,Auto,90.0,0.0,,Default Target,[],0.0,[]
357567,358727,Fleche,480.0,69385.0,,Default Target,[],340487310.0,['Grade 4 Gemdraught']
358367,359797,Verholy,650.0,93996.0,,Default Target,[],624852175.0,['Grade 4 Gemdraught']
359067,360227,Contre Sixte,420.0,60692.0,,Default Target,[],260518177.0,['Grade 4 Gemdraught']
360497,361029,Auto,90.0,0.0,,Default Target,[],0.0,['Grade 4 Gemdraught']
360857,362687,Scorch,750.0,108457.0,,Default Target,[],831921978.0,['Grade 4 Gemdraught']
364047,364047,Manafication,,,,,,,[]
363937,364469,Auto,90.0,0.0,,Default Target,[],0.0,['Grade 4 Gemdraught']
363347,364907,Resolution,850.0,122919.0,,Default Target,[],1068563445.0,['Grade 4 Gemdraught']
365837,366467,Enchanted Riposte,340.0,49152.0,,Default Target,[],170862274.0,['Grade 4 Gemdraught']
366645,366645,Embolden,,,,,,,[]
367377,367909,Auto,90.0,0.0,,Default Target,[],0.0,['Grade 4 Gemdraught']
367345,367975,Enchanted Zwerchhau,380.0,60414.0,,Default Target,[],258130870.0,"['Embolden', 'Grade 4 Gemdraught']"
368845,369475,Enchanted Redoublement,560.0,89017.0,,Default Target,[],560428251.0,"['Embolden', 'Grade 4 Gemdraught']"
369545,370175,Corps-a-corps,130.0,18770.0,,Default Target,[],24916910.0,['Grade 4 Gemdraught']
370817,371349,Auto,90.0,0.0,,Default Target,[],0.0,['Grade 4 Gemdraught']
371745,372325,Engagement,180.0,25999.0,,Default Target,[],47804981.0,['Grade 4 Gemdraught']
371045,372475,Verflare,650.0,103395.0,,Default Target,[],756068568.0,"['Embolden', 'Grade 4 Gemdraught']"
374257,374789,Auto,90.0,0.0,,Default Target,[],0.0,['Grade 4 Gemdraught']
374235,375035,Vice of Thorns,950.0,151118.0,,Default Target,[],1615068530.0,"['Embolden', 'Grade 4 Gemdraught']"
373535,375365,Scorch,750.0,119303.0,,Default Target,[],1006623535.0,"['Embolden', 'Grade 4 Gemdraught']"
376025,377585,Resolution,850.0,135211.0,,Default Target,[],1292966584.0,"['Embolden', 'Grade 4 Gemdraught']"
377425,378055,Corps-a-corps,130.0,18770.0,,Default Target,[],24916910.0,['Grade 4 Gemdraught']
376725,378145,Prefulgence,1200.0,190887.0,,Default Target,[],2576992463.0,"['Embolden', 'Grade 4 Gemdraught']"
377697,378229,Auto,90.0,0.0,,Default Target,[],0.0,['Grade 4 Gemdraught']
378515,379145,Enchanted Riposte,340.0,54067.0,,Default Target,[],206747367.0,"['Embolden', 'Grade 4 Gemdraught']"
380015,380645,Enchanted Zwerchhau,380.0,60414.0,,Default Target,[],258130870.0,"['Embolden', 'Grade 4 Gemdraught']"
380715,380715,Acceleration,,,,,,,[]
381137,381669,Auto,90.0,0.0,,Default Target,[],0.0,['Grade 4 Gemdraught']
381515,382145,Enchanted Redoublement,560.0,89017.0,,Default Target,[],560428251.0,"['Embolden', 'Grade 4 Gemdraught']"
382567,383727,Fleche,480.0,69385.0,,Default Target,[],340487310.0,['Grade 4 Gemdraught']
384415,384995,Engagement,180.0,25999.0,,Default Target,[],47804981.0,['Grade 4 Gemdraught']
384577,385109,Auto,90.0,0.0,,Default Target,[],0.0,['Grade 4 Gemdraught']
383715,385145,Verholy,650.0,103395.0,,Default Target,[],756068568.0,"['Embolden', 'Grade 4 Gemdraught']"
386205,388035,Scorch,750.0,119303.0,,Default Target,[],1006623535.0,"['Embolden', 'Grade 4 Gemdraught']"
388017,388549,Auto,90.0,0.0,,Default Target,[],0.0,[]
388696,390256,Resolution,850.0,113597.0,,Default Target,[],912629515.0,[]
393676,394436,Verthunder III,440.0,58789.0,,Default Target,[],244427179.0,[]
394376,395536,Contre Sixte,420.0,56090.0,,Default Target,[],222500548.0,[]
396176,396708,Auto,90.0,0.0,,Default Target,[],0.0,[]
395676,397235,Grand Impact,600.0,80186.0,,Default Target,[],454729630.0,[]
397656,398956,Verstone,380.0,50757.0,,Default Target,[],182200329.0,[]
398656,399416,Veraero III,440.0,58789.0,,Default Target,[],244427179.0,[]
399616,400148,Auto,90.0,0.0,,Default Target,[],0.0,[]
403136,403668,Auto,90.0,0.0,,Default Target,[],0.0,[]
402636,403936,Verfire,380.0,50757.0,,Default Target,[],182200329.0,[]
404336,404336,Swiftcast,,,,,,,[]
403636,404396,Verthunder III,440.0,58789.0,,Default Target,[],244427179.0,[]
406126,406886,Verthunder III,440.0,58789.0,,Default Target,[],244427179.0,[]
406576,407108,Auto,90.0,0.0,,Default Target,[],0.0,[]
407567,408727,Fleche,480.0,64122.0,,Default Target,[],290787518.0,[]
408616,409416,Verstone,380.0,50757.0,,Default Target,[],182200329.0,[]
410016,410548,Auto,90.0,0.0,,Default Target,[],0.0,[]
415086,416386,Verfire,380.0,50757.0,,Default Target,[],182200329.0,[]
416096,416628,Auto,90.0,0.0,,Default Target,[],0.0,[]
415596,416856,Veraero III,440.0,58789.0,,Default Target,[],244427179.0,[]
418576,419376,Verstone,380.0,50757.0,,Default Target,[],182200329.0,[]
421076,421608,Auto,90.0,0.0,,Default Target,[],0.0,[]
421766,421766,Acceleration,,,,,,,[]
420576,421836,Verthunder III,440.0,58789.0,,Default Target,[],244427179.0,[]
423556,424316,Verthunder III,440.0,58789.0,,Default Target,['Dualcast'],244427179.0,['Dualcast']
424256,424836,Engagement,180.0,24028.0,,Default Target,[],40829175.0,[]
424956,425586,Corps-a-corps,130.0,17345.0,,Default Target,[],21279571.0,[]
426056,426588,Auto,90.0,0.0,,Default Target,[],0.0,[]
425556,426816,Veraero III,440.0,58789.0,,Default Target,[],244427179.0,[]
427536,428836,Verstone,380.0,50757.0,,Default Target,[],182200329.0,[]
428536,429296,Veraero III,440.0,58789.0,,Default Target,[],244427179.0,[]
429496,430028,Auto,90.0,0.0,,Default Target,[],0.0,[]
429376,430536,Contre Sixte,420.0,56090.0,,Default Target,[],222500548.0,[]
432567,433727,Fleche,480.0,64122.0,,Default Target,[],290787518.0,[]
435006,436306,Verfire,380.0,50757.0,,Default Target,[],182200329.0,[]
436016,436548,Auto,90.0,0.0,,Default Target,[],0.0,[]
435516,437075,Grand Impact,600.0,80186.0,,Default Target,['Dualcast'],454729630.0,['Dualcast']
438497,439297,Verstone,380.0,50757.0,,Default Target,[],182200329.0,[]
440996,441528,Auto,90.0,0.0,,Default Target,[],0.0,[]
440496,441756,Verthunder III,440.0,58789.0,,Default Target,[],244427179.0,[]
443477,444107,Enchanted Riposte,340.0,45424.0,,Default Target,[],145935258.0,[]
444977,445607,Enchanted Zwerchhau,380.0,50757.0,,Default Target,[],182200329.0,[]
445977,446509,Auto,90.0,0.0,,Default Target,[],0.0,[]
445477,446737,Veraero III,440.0,58789.0,,Default Target,[],244427179.0,[]
446477,447107,Enchanted Redoublement,560.0,74789.0,,Default Target,[],395571785.0,[]
449417,449949,Auto,90.0,0.0,,Default Target,[],0.0,[]
448677,450107,Verflare,650.0,86868.0,,Default Target,[],533662903.0,[]
451167,452997,Scorch,750.0,100233.0,,Default Target,[],710514409.0,[]
452857,453389,Auto,90.0,0.0,,Default Target,[],0.0,[]
454357,454357,Acceleration,,,,,,,[]
453657,455217,Resolution,850.0,113597.0,,Default Target,[],912629515.0,[]
456297,456829,Auto,90.0,0.0,,Default Target,[],0.0,[]
456147,456907,Verthunder III,440.0,58789.0,,Default Target,['Dualcast'],244427179.0,['Dualcast']
457567,458727,Fleche,480.0,64122.0,,Default Target,[],290787518.0,[]
458637,459437,Verstone,380.0,50757.0,,Default Target,[],182200329.0,[]
459737,460269,Auto,90.0,0.0,,Default Target,[],0.0,[]
464376,465536,Contre Sixte,420.0,56090.0,,Default Target,[],222500548.0,[]
466117,466649,Auto,90.0,0.0,,Default Target,[],0.0,[]
465617,466877,Veraero III,440.0,58789.0,,Default Target,[],244427179.0,[]
467597,468897,Verfire,380.0,50757.0,,Default Target,[],182200329.0,[]
468597,469357,Verthunder III,440.0,58789.0,,Default Target,[],244427179.0,[]
468107,469666,Grand Impact,600.0,80186.0,,Default Target,['Dualcast'],454729630.0,['Dualcast']
469297,469877,Engagement,180.0,24028.0,,Default Target,[],40829175.0,[]
469557,470089,Auto,90.0,0.0,,Default Target,[],0.0,[]
473077,473609,Auto,90.0,0.0,,Default Target,[],0.0,[]
472577,473877,Verstone,380.0,50757.0,,Default Target,[],182200329.0,[]
473577,474337,Veraero III,440.0,58789.0,,Default Target,[],244427179.0,[]
474277,474907,Corps-a-corps,130.0,17345.0,,Default Target,[],21279571.0,[]
478057,478589,Auto,90.0,0.0,,Default Target,[],0.0,[]
477557,478857,Verfire,380.0,50757.0,,Default Target,[],182200329.0,[]
479257,479257,Swiftcast,,,,,,,[]
478557,479317,Verthunder III,440.0,58789.0,,Default Target,[],244427179.0,[]
481047,481807,Verthunder III,440.0,58789.0,,Default Target,[],244427179.0,[]
481497,482029,Auto,90.0,0.0,,Default Target,[],0.0,[]
482567,483727,Fleche,480.0,64122.0,,Default Target,[],290787518.0,[]
483537,484167,Enchanted Riposte,340.0,45424.0,,Default Target,[],145935258.0,[]
484937,485469,Auto,90.0,0.0,,Default Target,[],0.0,[]
485037,485667,Enchanted Zwerchhau,380.0,50757.0,,Default Target,[],182200329.0,[]
486538,487168,Enchanted Redoublement,560.0,74789.0,,Default Target,[],395571785.0,[]
487238,487238,Embolden,,,,,,,[]
487938,487938,Manafication,,,,,,,[]
488377,488909,Auto,90.0,0.0,,Default Target,[],0.0,[]
488738,490168,Verholy,650.0,95554.0,,Default Target,[],645723548.0,['Embolden']
491817,492349,Auto,90.0,0.0,,Default Target,[],0.0,[]
491228,493058,Scorch,750.0,110255.0,,Default Target,[],859721724.0,['Embolden']
491928,493348,Prefulgence,1200.0,176412.0,,Default Target,[],2200976413.0,['Embolden']
494418,495218,Vice of Thorns,950.0,139658.0,,Default Target,[],1379399405.0,['Embolden']
493718,495278,Resolution,850.0,124957.0,,Default Target,[],1104284214.0,['Embolden']
495118,495748,Corps-a-corps,130.0,17345.0,,Default Target,[],21279571.0,[]
495257,495789,Auto,90.0,0.0,,Default Target,[],0.0,[]
496208,496838,Enchanted Riposte,340.0,49967.0,,Default Target,[],176581189.0,['Embolden']
497708,498338,Enchanted Zwerchhau,380.0,55832.0,,Default Target,[],220461023.0,['Embolden']
498697,499229,Auto,90.0,0.0,,Default Target,[],0.0,[]
499208,499838,Enchanted Redoublement,560.0,82267.0,,Default Target,[],478644875.0,['Embolden']
499908,501068,Contre Sixte,420.0,56090.0,,Default Target,[],222500548.0,[]
502137,502669,Auto,90.0,0.0,,Default Target,[],0.0,[]
501408,502838,Verflare,650.0,95554.0,,Default Target,[],645723548.0,['Embolden']
503898,505728,Scorch,750.0,110255.0,,Default Target,[],859721724.0,['Embolden']
505577,506109,Auto,90.0,0.0,,Default Target,[],0.0,[]
506388,507948,Resolution,850.0,124957.0,,Default Target,[],1104284214.0,['Embolden']
507567,508727,Fleche,480.0,64122.0,,Default Target,[],290787518.0,[]
510868,511400,Auto,90.0,0.0,,Default Target,[],0.0,[]
510368,511668,Verstone,380.0,50757.0,,Default Target,[],182200329.0,[]
511368,512128,Veraero III,440.0,58789.0,,Default Target,[],244427179.0,[]
512068,512648,Engagement,180.0,24028.0,,Default Target,[],40829175.0,[]
515847,516379,Auto,90.0,0.0,,Default Target,[],0.0,[]
515347,516647,Verfire,380.0,50757.0,,Default Target,[],182200329.0,[]
516347,517107,Verthunder III,440.0,58789.0,,Default Target,[],244427179.0,[]
520827,521359,Auto,90.0,0.0,,Default Target,[],0.0,[]
520327,521627,Verstone,380.0,50757.0,,Default Target,[],182200329.0,[]
521328,522088,Veraero III,440.0,58789.0,,Default Target,[],244427179.0,[]
522028,522658,Corps-a-corps,130.0,17345.0,,Default Target,[],21279571.0,[]
525808,526340,Auto,90.0,0.0,,Default Target,[],0.0,[]
525308,526608,Verfire,380.0,50757.0,,Default Target,[],182200329.0,[]
527008,527008,Acceleration,,,,,,,[]
526308,527068,Verthunder III,440.0,58789.0,,Default Target,[],244427179.0,[]
531288,532048,Verthunder III,440.0,58789.0,,Default Target,[],244427179.0,[]
532567,533727,Fleche,480.0,64122.0,,Default Target,[],290787518.0,[]
533788,534320,Auto,90.0,0.0,,Default Target,[],0.0,[]
533778,534408,Enchanted Riposte,340.0,45424.0,,Default Target,[],145935258.0,[]
533288,534847,Grand Impact,600.0,80186.0,,Default Target,[],454729630.0,[]
535278,535908,Enchanted Zwerchhau,380.0,50757.0,,Default Target,[],182200329.0,[]
535978,537138,Contre Sixte,420.0,56090.0,,Default Target,[],222500548.0,[]
536779,537409,Enchanted Redoublement,560.0,74789.0,,Default Target,[],395571785.0,[]
537228,537760,Auto,90.0,0.0,,Default Target,[],0.0,[]
538979,540409,Verholy,650.0,86868.0,,Default Target,[],533662903.0,[]
540668,541200,Auto,90.0,0.0,,Default Target,[],0.0,[]
541469,543299,Scorch,750.0,100233.0,,Default Target,[],710514409.0,[]
544108,544640,Auto,90.0,0.0,,Default Target,[],0.0,[]
544659,545239,Engagement,180.0,24028.0,,Default Target,[],40829175.0,[]
543959,545519,Resolution,850.0,113597.0,,Default Target,[],912629515.0,[]
546449,547249,Verfire,380.0,50757.0,,Default Target,[],182200329.0,[]
547548,548080,Auto,90.0,0.0,,Default Target,[],0.0,[]
552919,554219,Verstone,380.0,50757.0,,Default Target,[],182200329.0,[]
553929,554461,Auto,90.0,0.0,,Default Target,[],0.0,[]
554619,554619,Swiftcast,,,,,,,[]
553429,554689,Verthunder III,440.0,58789.0,,Default Target,[],244427179.0,[]
556409,557169,Veraero III,440.0,58789.0,,Default Target,['Dualcast'],244427179.0,['Dualcast']
557567,558727,Fleche,480.0,64122.0,,Default Target,[],290787518.0,[]
558909,559441,Auto,90.0,0.0,,Default Target,[],0.0,[]
558409,559669,Veraero III,440.0,58789.0,,Default Target,[],244427179.0,[]
558899,559699,Verstone,380.0,50757.0,,Default Target,[],182200329.0,[]
565369,566669,Verfire,380.0,50757.0,,Default Target,[],182200329.0,[]
566379,566911,Auto,90.0,0.0,,Default Target,[],0.0,[]
565879,567139,Verthunder III,440.0,58789.0,,Default Target,[],244427179.0,[]
568859,569659,Verfire,380.0,50757.0,,Default Target,[],182200329.0,[]
571359,571891,Auto,90.0,0.0,,Default Target,[],0.0,[]
570859,572119,Verthunder III,440.0,58789.0,,Default Target,[],244427179.0,[]
572049,573209,Contre Sixte,420.0,56090.0,,Default Target,[],222500548.0,[]
575329,576629,Verstone,380.0,50757.0,,Default Target,[],182200329.0,[]
576339,576871,Auto,90.0,0.0,,Default Target,[],0.0,[]
577029,577029,Acceleration,,,,,,,[]
575839,577099,Veraero III,440.0,58789.0,,Default Target,[],244427179.0,[]
578819,579579,Verthunder III,440.0,58789.0,,Default Target,['Dualcast'],244427179.0,['Dualcast']
579519,580149,Corps-a-corps,130.0,17345.0,,Default Target,[],21279571.0,[]
580319,580899,Engagement,180.0,24028.0,,Default Target,[],40829175.0,[]
581319,581851,Auto,90.0,0.0,,Default Target,[],0.0,[]
580819,582079,Veraero III,440.0,58789.0,,Default Target,[],244427179.0,[]
581309,582859,Grand Impact,600.0,80186.0,,Default Target,['Dualcast'],454729630.0,[]
582567,583727,Fleche,480.0,64122.0,,Default Target,[],290787518.0,[]
583799,584429,Enchanted Riposte,340.0,45424.0,,Default Target,[],145935258.0,[]
584759,585291,Auto,90.0,0.0,,Default Target,[],0.0,[]
585299,585929,Enchanted Zwerchhau,380.0,50757.0,,Default Target,[],182200329.0,[]
586800,587430,Enchanted Redoublement,560.0,74789.0,,Default Target,[],395571785.0,[]
588199,588731,Auto,90.0,0.0,,Default Target,[],0.0,[]
589000,590430,Verholy,650.0,86868.0,,Default Target,[],533662903.0,[]
591639,592171,Auto,90.0,0.0,,Default Target,[],0.0,[]
591490,593320,Scorch,750.0,100233.0,,Default Target,[],710514409.0,[]
593980,595540,Resolution,850.0,113597.0,,Default Target,[],912629515.0,[]
595079,595611,Auto,90.0,0.0,,Default Target,[],0.0,[]
598519,599051,Auto,90.0,0.0,,Default Target,[],0.0,[]
597960,599260,Verfire,380.0,50757.0,,Default Target,[],182200329.0,[]
599660,599660,Manafication,,,,,,,[]
598960,599720,Verthunder III,440.0,58789.0,,Default Target,[],244427179.0,[]
603440,603972,Auto,90.0,0.0,,Default Target,[],0.0,[]
602940,604240,Verstone,380.0,50757.0,,Default Target,[],182200329.0,[]
603940,604700,Veraero III,440.0,58789.0,,Default Target,[],244427179.0,[]
606430,607060,Enchanted Riposte,340.0,45424.0,,Default Target,[],145935258.0,[]
607238,607238,Embolden,,,,,,,[]
606880,607412,Auto,90.0,0.0,,Default Target,[],0.0,[]
607938,608568,Enchanted Zwerchhau,380.0,55832.0,,Default Target,[],220461023.0,['Embolden']
608638,609798,Fleche,480.0,64122.0,,Default Target,[],290787518.0,[]
609438,610068,Enchanted Redoublement,560.0,82267.0,,Default Target,[],478644875.0,['Embolden']
610320,610852,Auto,90.0,0.0,,Default Target,[],0.0,[]
610138,611298,Contre Sixte,420.0,56090.0,,Default Target,[],222500548.0,[]
611638,613068,Verflare,650.0,95554.0,,Default Target,[],645723548.0,['Embolden']
612338,613758,Prefulgence,1200.0,176412.0,,Default Target,[],2200976413.0,['Embolden']
613038,613838,Vice of Thorns,950.0,139658.0,,Default Target,[],1379399405.0,['Embolden']
613760,614292,Auto,90.0,0.0,,Default Target,[],0.0,[]
614828,615458,Corps-a-corps,130.0,17345.0,,Default Target,[],21279571.0,[]
614128,615958,Scorch,750.0,110255.0,,Default Target,[],859721724.0,['Embolden']
615628,616208,Engagement,180.0,24028.0,,Default Target,[],40829175.0,[]
617200,617732,Auto,90.0,0.0,,Default Target,[],0.0,[]
617318,617948,Corps-a-corps,130.0,17345.0,,Default Target,[],21279571.0,[]
616618,618178,Resolution,850.0,124957.0,,Default Target,[],1104284214.0,['Embolden']
619108,619738,Enchanted Riposte,340.0,49967.0,,Default Target,[],176581189.0,['Embolden']
620640,621172,Auto,90.0,0.0,,Default Target,[],0.0,[]
620608,621238,Enchanted Zwerchhau,380.0,55832.0,,Default Target,[],220461023.0,['Embolden']
622108,622738,Enchanted Redoublement,560.0,82267.0,,Default Target,[],478644875.0,['Embolden']
622808,623388,Engagement,180.0,24028.0,,Default Target,[],40829175.0,[]
624080,624612,Auto,90.0,0.0,,Default Target,[],0.0,[]
624308,625738,Verholy,650.0,95554.0,,Default Target,[],645723548.0,['Embolden']
627520,628052,Auto,90.0,0.0,,Default Target,[],0.0,[]
626798,628628,Scorch,750.0,110255.0,,Default Target,[],859721724.0,['Embolden']
629988,629988,Acceleration,,,,,,,[]
629288,630848,Resolution,850.0,113597.0,,Default Target,[],912629515.0,[]
630960,631492,Auto,90.0,0.0,,Default Target,[],0.0,[]
631778,632538,Verthunder III,440.0,58789.0,,Default Target,[],244427179.0,[]
633638,634798,Fleche,480.0,64122.0,,Default Target,[],290787518.0,[]
636328,636860,Auto,90.0,0.0,,Default Target,[],0.0,[]
635828,637128,Verfire,380.0,50757.0,,Default Target,[],182200329.0,[]
636828,637588,Verthunder III,440.0,58789.0,,Default Target,[],244427179.0,[]
641308,641840,Auto,90.0,0.0,,Default Target,[],0.0,[]
640808,642108,Verstone,380.0,50757.0,,Default Target,[],182200329.0,[]
642508,642508,Swiftcast,,,,,,,[]
641808,642568,Veraero III,440.0,58789.0,,Default Target,[],244427179.0,[]
644298,645058,Verthunder III,440.0,58789.0,,Default Target,[],244427179.0,[]
644748,645280,Auto,90.0,0.0,,Default Target,[],0.0,[]
645138,646298,Contre Sixte,420.0,56090.0,,Default Target,[],222500548.0,[]
646788,648338,Grand Impact,600.0,80186.0,,Default Target,['Dualcast'],454729630.0,['Dualcast']
648188,648720,Auto,90.0,0.0,,Default Target,[],0.0,[]
649278,649908,Enchanted Riposte,340.0,45424.0,,Default Target,[],145935258.0,[]
650778,651408,Enchanted Zwerchhau,380.0,50757.0,,Default Target,[],182200329.0,[]
651628,652160,Auto,90.0,0.0,,Default Target,[],0.0,[]
652278,652908,Enchanted Redoublement,560.0,74789.0,,Default Target,[],395571785.0,[]
655068,655600,Auto,90.0,0.0,,Default Target,[],0.0,[]
655178,655808,Corps-a-corps,130.0,17345.0,,Default Target,[],21279571.0,[]
654478,655908,Verholy,650.0,86868.0,,Default Target,[],533662903.0,[]
655978,656558,Engagement,180.0,24028.0,,Default Target,[],40829175.0,[]
656968,658798,Scorch,750.0,100233.0,,Default Target,[],710514409.0,[]
658508,659040,Auto,90.0,0.0,,Default Target,[],0.0,[]
658638,659798,Fleche,480.0,64122.0,,Default Target,[],290787518.0,[]
659458,661018,Resolution,850.0,113597.0,,Default Target,[],912629515.0,[]
663938,664470,Auto,90.0,0.0,,Default Target,[],0.0,[]
663438,664738,Verstone,380.0,50757.0,,Default Target,[],182200329.0,[]
664438,665198,Veraero III,440.0,58789.0,,Default Target,[],244427179.0,[]
668918,669450,Auto,90.0,0.0,,Default Target,[],0.0,[]
668418,669718,Verstone,380.0,50757.0,,Default Target,[],182200329.0,[]
669418,670178,Verthunder III,440.0,58789.0,,Default Target,[],244427179.0,[]
673898,674430,Auto,90.0,0.0,,Default Target,[],0.0,[]
673398,674698,Verfire,380.0,50757.0,,Default Target,[],182200329.0,[]
675098,675098,Acceleration,,,,,,,[]
674398,675158,Verthunder III,440.0,58789.0,,Default Target,[],244427179.0,[]
679378,680138,Verthunder III,440.0,58789.0,,Default Target,[],244427179.0,[]
680138,681298,Contre Sixte,420.0,56090.0,,Default Target,[],222500548.0,[]
681878,682410,Auto,90.0,0.0,,Default Target,[],0.0,[]
681378,682937,Grand Impact,600.0,80186.0,,Default Target,[],454729630.0,[]
683358,684658,Verfire,380.0,50757.0,,Default Target,[],182200329.0,[]
684359,685119,Veraero III,440.0,58789.0,,Default Target,[],244427179.0,[]
685759,685759,Swiftcast,,,,,,,[]
685318,685850,Auto,90.0,0.0,,Default Target,[],0.0,[]
685059,686219,Fleche,480.0,64122.0,,Default Target,[],290787518.0,[]
686849,687609,Verthunder III,440.0,58789.0,,Default Target,[],244427179.0,[]
688758,689290,Auto,90.0,0.0,,Default Target,[],0.0,[]
689339,690139,Verfire,380.0,50757.0,,Default Target,[],182200329.0,[]
695809,697109,Verstone,380.0,50757.0,,Default Target,[],182200329.0,[]
696819,697351,Auto,90.0,0.0,,Default Target,[],0.0,[]
696319,697579,Veraero III,440.0,58789.0,,Default Target,[],244427179.0,[]
699299,699929,Enchanted Riposte,340.0,45424.0,,Default Target,[],145935258.0,[]
700799,701429,Enchanted Zwerchhau,380.0,50757.0,,Default Target,[],182200329.0,[]
701799,702331,Auto,90.0,0.0,,Default Target,[],0.0,[]
701299,702559,Veraero III,440.0,58789.0,,Default Target,[],244427179.0,[]
702299,702929,Enchanted Redoublement,560.0,74789.0,,Default Target,[],395571785.0,[]
705239,705771,Auto,90.0,0.0,,Default Target,[],0.0,[]
704499,705929,Verflare,650.0,86868.0,,Default Target,[],533662903.0,[]
706989,708819,Scorch,750.0,100233.0,,Default Target,[],710514409.0,[]
708679,709211,Auto,90.0,0.0,,Default Target,[],0.0,[]
709479,711039,Resolution,850.0,113597.0,,Default Target,[],912629515.0,[]
712119,712651,Auto,90.0,0.0,,Default Target,[],0.0,[]
711969,712769,Verfire,380.0,50757.0,,Default Target,[],182200329.0,[]
715859,715859,Acceleration,,,,,,,[]
715159,716319,Contre Sixte,420.0,56090.0,,Default Target,[],222500548.0,[]
717649,717649,Manafication,,,,,,,[]
716949,717709,Veraero III,440.0,58789.0,,Default Target,[],244427179.0,[]
718349,718349,Grade 4 Gemdraught,,,,,,,[]
719449,719981,Auto,90.0,0.0,,Default Target,[],0.0,['Grade 4 Gemdraught']
719439,720069,Enchanted Riposte,340.0,49152.0,,Default Target,[],170862274.0,['Grade 4 Gemdraught']
718949,720209,Veraero III,440.0,58789.0,,Default Target,[],244427179.0,[]
720139,721299,Fleche,480.0,69385.0,,Default Target,[],340487310.0,['Grade 4 Gemdraught']
720939,721569,Enchanted Zwerchhau,380.0,54922.0,,Default Target,[],213328618.0,['Grade 4 Gemdraught']
722439,723069,Enchanted Redoublement,560.0,80925.0,,Default Target,[],463158923.0,['Grade 4 Gemdraught']
722889,723421,Auto,90.0,0.0,,Default Target,[],0.0,['Grade 4 Gemdraught']
724639,726069,Verflare,650.0,93996.0,,Default Target,[],624852175.0,['Grade 4 Gemdraught']
726329,726861,Auto,90.0,0.0,,Default Target,[],0.0,['Grade 4 Gemdraught']
727829,727829,Embolden,,,,,,,[]
727129,728959,Scorch,750.0,108457.0,,Default Target,[],831921978.0,['Grade 4 Gemdraught']
728529,729159,Corps-a-corps,130.0,18770.0,,Default Target,[],24916910.0,['Grade 4 Gemdraught']
729769,730301,Auto,90.0,0.0,,Default Target,[],0.0,['Grade 4 Gemdraught']
730319,730899,Engagement,180.0,25999.0,,Default Target,[],47804981.0,['Grade 4 Gemdraught']
729619,731179,Resolution,850.0,135211.0,,Default Target,[],1292966584.0,"['Embolden', 'Grade 4 Gemdraught']"
732109,732739,Enchanted Riposte,340.0,54067.0,,Default Target,[],206747367.0,"['Embolden', 'Grade 4 Gemdraught']"
732809,733439,Corps-a-corps,130.0,18770.0,,Default Target,[],24916910.0,['Grade 4 Gemdraught']
733209,733741,Auto,90.0,0.0,,Default Target,[],0.0,['Grade 4 Gemdraught']
733610,734240,Enchanted Zwerchhau,380.0,60414.0,,Default Target,[],258130870.0,"['Embolden', 'Grade 4 Gemdraught']"
734310,734890,Engagement,180.0,25999.0,,Default Target,[],47804981.0,['Grade 4 Gemdraught']
735110,735740,Enchanted Redoublement,560.0,89017.0,,Default Target,[],560428251.0,"['Embolden', 'Grade 4 Gemdraught']"
735810,736610,Vice of Thorns,950.0,151118.0,,Default Target,[],1615068530.0,"['Embolden', 'Grade 4 Gemdraught']"
736649,737181,Auto,90.0,0.0,,Default Target,[],0.0,['Grade 4 Gemdraught']
737310,738740,Verholy,650.0,103395.0,,Default Target,[],756068568.0,"['Embolden', 'Grade 4 Gemdraught']"
738010,739430,Prefulgence,1200.0,190887.0,,Default Target,[],2576992463.0,"['Embolden', 'Grade 4 Gemdraught']"
740089,740621,Auto,90.0,0.0,,Default Target,[],0.0,['Grade 4 Gemdraught']
739800,741630,Scorch,750.0,119303.0,,Default Target,[],1006623535.0,"['Embolden', 'Grade 4 Gemdraught']"
742290,743850,Resolution,850.0,135211.0,,Default Target,[],1292966584.0,"['Embolden', 'Grade 4 Gemdraught']"
743529,744061,Auto,90.0,0.0,,Default Target,[],0.0,['Grade 4 Gemdraught']
746180,746180,Swiftcast,,,,,,,[]
745480,746640,Fleche,480.0,69385.0,,Default Target,[],340487310.0,['Grade 4 Gemdraught']
747270,748030,Veraero III,440.0,69973.0,,Default Target,[],346301075.0,"['Embolden', 'Grade 4 Gemdraught']"
749770,750302,Auto,90.0,0.0,,Default Target,[],0.0,[]
749270,750829,Grand Impact,600.0,80186.0,,Default Target,['Dualcast'],454729630.0,['Dualcast']
751250,752550,Verfire,380.0,50757.0,,Default Target,[],182200329.0,[]
752250,753010,Verthunder III,440.0,58789.0,,Default Target,[],244427179.0,[]
753210,753742,Auto,90.0,0.0,,Default Target,[],0.0,[]
752950,754110,Contre Sixte,420.0,56090.0,,Default Target,[],222500548.0,[]
