sim_timestamp,sim_damage_timestamp,sim_name,sim_expected,Auto,Dosis III,Eukrasian Dosis III (dot),Phlegma III,Pneuma,Psyche,Toxikon II
-540,40,Pneuma,49391.0,0,0,0,0,49391,0,0
40,572,Auto,21.0,21,0,0,0,49391,0,0
3401,4071,Dosis III,53462.0,21,53462,0,0,49391,0,0
3901,4433,Auto,21.0,42,53462,0,0,49391,0,0
940,4500,Eukrasian Dosis III (dot),12172.0,42,53462,12172,0,49391,0,0
5841,6511,Dosis III,53462.0,42,106924,12172,0,49391,0,0
6701,7233,Auto,22.0,64,106924,12172,0,49391,0,0
940,7500,Eukrasian Dosis III (dot),12172.0,64,106924,24344,0,49391,0,0
7322,7992,Phlegma III,88909.0,64,106924,24344,88909,49391,0,0
7942,9042,Psyche,88909.0,64,106924,24344,88909,49391,88909,0
9501,10033,Auto,22.0,86,106924,24344,88909,49391,88909,0
9762,10432,Phlegma III,88909.0,86,106924,24344,177818,49391,88909,0
940,10500,Eukrasian Dosis III (dot),12172.0,86,106924,36516,177818,49391,88909,0
940,13500,Eukrasian Dosis III (dot),12172.0,86,106924,48688,177818,49391,88909,0
13163,13833,Dosis III,56279.0,86,163203,48688,177818,49391,88909,0
13663,14195,Auto,22.0,108,163203,48688,177818,49391,88909,0
15603,16273,Dosis III,56279.0,108,219482,48688,177818,49391,88909,0
940,16500,Eukrasian Dosis III (dot),12172.0,108,219482,60860,177818,49391,88909,0
16463,16995,Auto,22.0,130,219482,60860,177818,49391,88909,0
18044,18714,Dosis III,56279.0,130,275761,60860,177818,49391,88909,0
940,19500,Eukrasian Dosis III (dot),12172.0,130,275761,73032,177818,49391,88909,0
19263,19795,Auto,22.0,152,275761,73032,177818,49391,88909,0
20484,21154,Dosis III,56279.0,152,332040,73032,177818,49391,88909,0
940,22500,Eukrasian Dosis III (dot),12172.0,152,332040,85204,177818,49391,88909,0
22924,23594,Dosis III,56279.0,152,388319,85204,177818,49391,88909,0
23424,23956,Auto,22.0,174,388319,85204,177818,49391,88909,0
940,25500,Eukrasian Dosis III (dot),12172.0,174,388319,97376,177818,49391,88909,0
26224,26756,Auto,22.0,196,388319,97376,177818,49391,88909,0
25406,28500,Eukrasian Dosis III (dot),12813.0,196,388319,110189,177818,49391,88909,0
27866,28536,Dosis III,53462.0,196,441781,110189,177818,49391,88909,0
29024,29556,Auto,21.0,217,441781,110189,177818,49391,88909,0
30307,30977,Dosis III,53462.0,217,495243,110189,177818,49391,88909,0
25406,31500,Eukrasian Dosis III (dot),12813.0,217,495243,123002,177818,49391,88909,0
32747,33417,Dosis III,49391.0,217,544634,123002,177818,49391,88909,0
33247,33779,Auto,21.0,238,544634,123002,177818,49391,88909,0
25406,34500,Eukrasian Dosis III (dot),12813.0,238,544634,135815,177818,49391,88909,0
35188,35858,Dosis III,49391.0,238,594025,135815,177818,49391,88909,0
36047,36579,Auto,21.0,259,594025,135815,177818,49391,88909,0
25406,37500,Eukrasian Dosis III (dot),12813.0,259,594025,148628,177818,49391,88909,0
37628,38298,Dosis III,49391.0,259,643416,148628,177818,49391,88909,0
38847,39379,Auto,21.0,280,643416,148628,177818,49391,88909,0
25406,40500,Eukrasian Dosis III (dot),12813.0,280,643416,161441,177818,49391,88909,0
40069,40739,Dosis III,49391.0,280,692807,161441,177818,49391,88909,0
42509,43179,Dosis III,49391.0,280,742198,161441,177818,49391,88909,0
25406,43500,Eukrasian Dosis III (dot),12813.0,280,742198,174254,177818,49391,88909,0
43009,43541,Auto,21.0,301,742198,174254,177818,49391,88909,0
44949,45619,Dosis III,49391.0,301,791589,174254,177818,49391,88909,0
45809,46341,Auto,21.0,322,791589,174254,177818,49391,88909,0
25406,46500,Eukrasian Dosis III (dot),12813.0,322,791589,187067,177818,49391,88909,0
47390,48060,Dosis III,49391.0,322,840980,187067,177818,49391,88909,0
48609,49141,Auto,21.0,343,840980,187067,177818,49391,88909,0
25406,49500,Eukrasian Dosis III (dot),12813.0,343,840980,199880,177818,49391,88909,0
49830,50500,Dosis III,49391.0,343,890371,199880,177818,49391,88909,0
25406,52500,Eukrasian Dosis III (dot),12813.0,343,890371,212693,177818,49391,88909,0
52271,52941,Dosis III,49391.0,343,939762,212693,177818,49391,88909,0
52771,53303,Auto,21.0,364,939762,212693,177818,49391,88909,0
25406,55500,Eukrasian Dosis III (dot),12813.0,364,939762,225506,177818,49391,88909,0
55571,56103,Auto,21.0,385,939762,225506,177818,49391,88909,0
57213,57883,Dosis III,49391.0,385,989153,225506,177818,49391,88909,0
54752,58500,Eukrasian Dosis III (dot),11245.0,385,989153,236751,177818,49391,88909,0
58371,58903,Auto,21.0,406,989153,236751,177818,49391,88909,0
59653,60323,Dosis III,49391.0,406,1038544,236751,177818,49391,88909,0
54752,61500,Eukrasian Dosis III (dot),11245.0,406,1038544,247996,177818,49391,88909,0
62094,62764,Dosis III,49391.0,406,1087935,247996,177818,49391,88909,0
62594,63126,Auto,21.0,427,1087935,247996,177818,49391,88909,0
54752,64500,Eukrasian Dosis III (dot),11245.0,427,1087935,259241,177818,49391,88909,0
64534,65204,Dosis III,49391.0,427,1137326,259241,177818,49391,88909,0
65394,65926,Auto,21.0,448,1137326,259241,177818,49391,88909,0
54752,67500,Eukrasian Dosis III (dot),11245.0,448,1137326,270486,177818,49391,88909,0
66975,67645,Dosis III,49391.0,448,1186717,270486,177818,49391,88909,0
68194,68726,Auto,21.0,469,1186717,270486,177818,49391,88909,0
67942,69042,Psyche,78028.0,469,1186717,270486,177818,49391,166937,0
69522,70192,Dosis III,49391.0,469,1236108,270486,177818,49391,166937,0
54752,70500,Eukrasian Dosis III (dot),11245.0,469,1236108,281731,177818,49391,166937,0
70994,71526,Auto,21.0,490,1236108,281731,177818,49391,166937,0
71962,72632,Dosis III,49391.0,490,1285499,281731,177818,49391,166937,0
54752,73500,Eukrasian Dosis III (dot),11245.0,490,1285499,292976,177818,49391,166937,0
74403,75073,Dosis III,49391.0,490,1334890,292976,177818,49391,166937,0
74903,75435,Auto,21.0,511,1334890,292976,177818,49391,166937,0
54752,76500,Eukrasian Dosis III (dot),11245.0,511,1334890,304221,177818,49391,166937,0
76843,77513,Dosis III,49391.0,511,1384281,304221,177818,49391,166937,0
77703,78235,Auto,21.0,532,1384281,304221,177818,49391,166937,0
54752,79500,Eukrasian Dosis III (dot),11245.0,532,1384281,315466,177818,49391,166937,0
79284,79954,Dosis III,49391.0,532,1433672,315466,177818,49391,166937,0
80503,81035,Auto,21.0,553,1433672,315466,177818,49391,166937,0
81724,82394,Dosis III,49391.0,553,1483063,315466,177818,49391,166937,0
54752,82500,Eukrasian Dosis III (dot),11245.0,553,1483063,326711,177818,49391,166937,0
83303,83835,Auto,21.0,574,1483063,326711,177818,49391,166937,0
84205,85500,Eukrasian Dosis III (dot),11245.0,574,1483063,337956,177818,49391,166937,0
85706,86376,Phlegma III,78028.0,574,1483063,337956,255846,49391,166937,0
86103,86635,Auto,21.0,595,1483063,337956,255846,49391,166937,0
84205,88500,Eukrasian Dosis III (dot),11245.0,595,1483063,349201,255846,49391,166937,0
89106,89776,Dosis III,49391.0,595,1532454,349201,255846,49391,166937,0
89606,90138,Auto,21.0,616,1532454,349201,255846,49391,166937,0
84205,91500,Eukrasian Dosis III (dot),11245.0,616,1532454,360446,255846,49391,166937,0
91547,92217,Dosis III,49391.0,616,1581845,360446,255846,49391,166937,0
92406,92938,Auto,21.0,637,1581845,360446,255846,49391,166937,0
84205,94500,Eukrasian Dosis III (dot),11245.0,637,1581845,371691,255846,49391,166937,0
93987,94657,Dosis III,49391.0,637,1631236,371691,255846,49391,166937,0
95206,95738,Auto,21.0,658,1631236,371691,255846,49391,166937,0
96428,97098,Dosis III,49391.0,658,1680627,371691,255846,49391,166937,0
84205,97500,Eukrasian Dosis III (dot),11245.0,658,1680627,382936,255846,49391,166937,0
98868,99538,Dosis III,49391.0,658,1730018,382936,255846,49391,166937,0
99368,99900,Auto,21.0,679,1730018,382936,255846,49391,166937,0
84205,100500,Eukrasian Dosis III (dot),11245.0,679,1730018,394181,255846,49391,166937,0
101309,101979,Dosis III,49391.0,679,1779409,394181,255846,49391,166937,0
102168,102700,Auto,21.0,700,1779409,394181,255846,49391,166937,0
84205,103500,Eukrasian Dosis III (dot),11245.0,700,1779409,405426,255846,49391,166937,0
103749,104419,Dosis III,49391.0,700,1828800,405426,255846,49391,166937,0
104968,105500,Auto,21.0,721,1828800,405426,255846,49391,166937,0
84205,106500,Eukrasian Dosis III (dot),11245.0,721,1828800,416671,255846,49391,166937,0
106189,106859,Dosis III,49391.0,721,1878191,416671,255846,49391,166937,0
108630,109300,Dosis III,49391.0,721,1927582,416671,255846,49391,166937,0
84205,109500,Eukrasian Dosis III (dot),11245.0,721,1927582,427916,255846,49391,166937,0
109130,109662,Auto,21.0,742,1927582,427916,255846,49391,166937,0
111070,111740,Dosis III,49391.0,742,1976973,427916,255846,49391,166937,0
111930,112462,Auto,21.0,763,1976973,427916,255846,49391,166937,0
84205,112500,Eukrasian Dosis III (dot),11245.0,763,1976973,439161,255846,49391,166937,0
114730,115262,Auto,21.0,784,1976973,439161,255846,49391,166937,0
113552,115500,Eukrasian Dosis III (dot),11245.0,784,1976973,450406,255846,49391,166937,0
116012,116682,Dosis III,49391.0,784,2026364,450406,255846,49391,166937,0
113552,118500,Eukrasian Dosis III (dot),11245.0,784,2026364,461651,255846,49391,166937,0
118453,119123,Dosis III,49391.0,784,2075755,461651,255846,49391,166937,0
118953,119485,Auto,21.0,805,2075755,461651,255846,49391,166937,0
113552,121500,Eukrasian Dosis III (dot),11245.0,805,2075755,472896,255846,49391,166937,0
120893,121563,Dosis III,49391.0,805,2125146,472896,255846,49391,166937,0
121753,122285,Auto,21.0,826,2125146,472896,255846,49391,166937,0
123334,124004,Dosis III,49391.0,826,2174537,472896,255846,49391,166937,0
113552,124500,Eukrasian Dosis III (dot),11245.0,826,2174537,484141,255846,49391,166937,0
124553,125085,Auto,21.0,847,2174537,484141,255846,49391,166937,0
125774,126444,Dosis III,49391.0,847,2223928,484141,255846,49391,166937,0
113552,127500,Eukrasian Dosis III (dot),11245.0,847,2223928,495386,255846,49391,166937,0
127353,127885,Auto,22.0,869,2223928,495386,255846,49391,166937,0
127255,127925,Phlegma III,82139.0,869,2223928,495386,337985,49391,166937,0
127942,129042,Psyche,82139.0,869,2223928,495386,337985,49391,249076,0
129695,130365,Phlegma III,82139.0,869,2223928,495386,420124,49391,249076,0
113552,130500,Eukrasian Dosis III (dot),11245.0,869,2223928,506631,420124,49391,249076,0
130153,130685,Auto,22.0,891,2223928,506631,420124,49391,249076,0
113552,133500,Eukrasian Dosis III (dot),11245.0,891,2223928,517876,420124,49391,249076,0
133095,133765,Dosis III,51994.0,891,2275922,517876,420124,49391,249076,0
133595,134127,Auto,22.0,913,2275922,517876,420124,49391,249076,0
135536,136206,Dosis III,51994.0,913,2327916,517876,420124,49391,249076,0
113552,136500,Eukrasian Dosis III (dot),11245.0,913,2327916,529121,420124,49391,249076,0
136395,136927,Auto,22.0,935,2327916,529121,420124,49391,249076,0
137976,138646,Dosis III,51994.0,935,2379910,529121,420124,49391,249076,0
113552,139500,Eukrasian Dosis III (dot),11245.0,935,2379910,540366,420124,49391,249076,0
139195,139727,Auto,22.0,957,2379910,540366,420124,49391,249076,0
140417,141087,Dosis III,51994.0,957,2431904,540366,420124,49391,249076,0
113552,142500,Eukrasian Dosis III (dot),11245.0,957,2431904,551611,420124,49391,249076,0
141995,142527,Auto,22.0,979,2431904,551611,420124,49391,249076,0
142898,145500,Eukrasian Dosis III (dot),11837.0,979,2431904,563448,420124,49391,249076,0
145359,146029,Dosis III,51994.0,979,2483898,563448,420124,49391,249076,0
145859,146391,Auto,22.0,1001,2483898,563448,420124,49391,249076,0
147799,148469,Dosis III,49391.0,1001,2533289,563448,420124,49391,249076,0
142898,148500,Eukrasian Dosis III (dot),11837.0,1001,2533289,575285,420124,49391,249076,0
148659,149191,Auto,21.0,1022,2533289,575285,420124,49391,249076,0
150240,150910,Dosis III,49391.0,1022,2582680,575285,420124,49391,249076,0
142898,151500,Eukrasian Dosis III (dot),11837.0,1022,2582680,587122,420124,49391,249076,0
151459,151991,Auto,21.0,1043,2582680,587122,420124,49391,249076,0
152680,153350,Dosis III,49391.0,1043,2632071,587122,420124,49391,249076,0
142898,154500,Eukrasian Dosis III (dot),11837.0,1043,2632071,598959,420124,49391,249076,0
155120,155790,Dosis III,49391.0,1043,2681462,598959,420124,49391,249076,0
155620,156152,Auto,21.0,1064,2681462,598959,420124,49391,249076,0
142898,157500,Eukrasian Dosis III (dot),11837.0,1064,2681462,610796,420124,49391,249076,0
157561,158231,Dosis III,49391.0,1064,2730853,610796,420124,49391,249076,0
158420,158952,Auto,21.0,1085,2730853,610796,420124,49391,249076,0
142898,160500,Eukrasian Dosis III (dot),11837.0,1085,2730853,622633,420124,49391,249076,0
160001,160671,Dosis III,49391.0,1085,2780244,622633,420124,49391,249076,0
161220,161752,Auto,21.0,1106,2780244,622633,420124,49391,249076,0
162442,163112,Dosis III,49391.0,1106,2829635,622633,420124,49391,249076,0
142898,163500,Eukrasian Dosis III (dot),11837.0,1106,2829635,634470,420124,49391,249076,0
164882,165552,Dosis III,49391.0,1106,2879026,634470,420124,49391,249076,0
165382,165914,Auto,21.0,1127,2879026,634470,420124,49391,249076,0
142898,166500,Eukrasian Dosis III (dot),11837.0,1127,2879026,646307,420124,49391,249076,0
167323,167993,Dosis III,49391.0,1127,2928417,646307,420124,49391,249076,0
168182,168714,Auto,21.0,1148,2928417,646307,420124,49391,249076,0
142898,169500,Eukrasian Dosis III (dot),11837.0,1148,2928417,658144,420124,49391,249076,0
169763,170433,Dosis III,49391.0,1148,2977808,658144,420124,49391,249076,0
170982,171514,Auto,21.0,1169,2977808,658144,420124,49391,249076,0
142898,172500,Eukrasian Dosis III (dot),11837.0,1169,2977808,669981,420124,49391,249076,0
174705,175375,Dosis III,49391.0,1169,3027199,669981,420124,49391,249076,0
172245,175500,Eukrasian Dosis III (dot),11245.0,1169,3027199,681226,420124,49391,249076,0
175205,175737,Auto,21.0,1190,3027199,681226,420124,49391,249076,0
177145,177815,Dosis III,49391.0,1190,3076590,681226,420124,49391,249076,0
172245,178500,Eukrasian Dosis III (dot),11245.0,1190,3076590,692471,420124,49391,249076,0
178005,178537,Auto,21.0,1211,3076590,692471,420124,49391,249076,0
179586,180256,Dosis III,49391.0,1211,3125981,692471,420124,49391,249076,0
180805,181337,Auto,21.0,1232,3125981,692471,420124,49391,249076,0
172245,181500,Eukrasian Dosis III (dot),11245.0,1232,3125981,703716,420124,49391,249076,0
182026,182696,Dosis III,49391.0,1232,3175372,703716,420124,49391,249076,0
172245,184500,Eukrasian Dosis III (dot),11245.0,1232,3175372,714961,420124,49391,249076,0
184467,185137,Dosis III,49391.0,1232,3224763,714961,420124,49391,249076,0
184967,185499,Auto,21.0,1253,3224763,714961,420124,49391,249076,0
172245,187500,Eukrasian Dosis III (dot),11245.0,1253,3224763,726206,420124,49391,249076,0
186907,187577,Dosis III,49391.0,1253,3274154,726206,420124,49391,249076,0
187767,188299,Auto,21.0,1274,3274154,726206,420124,49391,249076,0
189348,190018,Dosis III,49391.0,1274,3323545,726206,420124,49391,249076,0
172245,190500,Eukrasian Dosis III (dot),11245.0,1274,3323545,737451,420124,49391,249076,0
189955,191055,Psyche,78028.0,1274,3323545,737451,420124,49391,327104,0
190567,191099,Auto,21.0,1295,3323545,737451,420124,49391,327104,0
191788,192458,Dosis III,49391.0,1295,3372936,737451,420124,49391,327104,0
172245,193500,Eukrasian Dosis III (dot),11245.0,1295,3372936,748696,420124,49391,327104,0
194229,194899,Dosis III,49391.0,1295,3422327,748696,420124,49391,327104,0
194729,195261,Auto,21.0,1316,3422327,748696,420124,49391,327104,0
172245,196500,Eukrasian Dosis III (dot),11245.0,1316,3422327,759941,420124,49391,327104,0
196669,197339,Dosis III,49391.0,1316,3471718,759941,420124,49391,327104,0
197529,198061,Auto,21.0,1337,3471718,759941,420124,49391,327104,0
172245,199500,Eukrasian Dosis III (dot),11245.0,1337,3471718,771186,420124,49391,327104,0
199109,199779,Dosis III,49391.0,1337,3521109,771186,420124,49391,327104,0
200329,200861,Auto,21.0,1358,3521109,771186,420124,49391,327104,0
201591,202500,Eukrasian Dosis III (dot),11245.0,1358,3521109,782431,420124,49391,327104,0
204051,204721,Dosis III,49391.0,1358,3570500,782431,420124,49391,327104,0
204551,205083,Auto,21.0,1379,3570500,782431,420124,49391,327104,0
201591,205500,Eukrasian Dosis III (dot),11245.0,1379,3570500,793676,420124,49391,327104,0
205532,206202,Phlegma III,78028.0,1379,3570500,793676,498152,49391,327104,0
207351,207883,Auto,21.0,1400,3570500,793676,498152,49391,327104,0
201591,208500,Eukrasian Dosis III (dot),11245.0,1400,3570500,804921,498152,49391,327104,0
208932,209602,Dosis III,49391.0,1400,3619891,804921,498152,49391,327104,0
210151,210683,Auto,21.0,1421,3619891,804921,498152,49391,327104,0
201591,211500,Eukrasian Dosis III (dot),11245.0,1421,3619891,816166,498152,49391,327104,0
211373,212043,Dosis III,49391.0,1421,3669282,816166,498152,49391,327104,0
213813,214483,Dosis III,49391.0,1421,3718673,816166,498152,49391,327104,0
201591,214500,Eukrasian Dosis III (dot),11245.0,1421,3718673,827411,498152,49391,327104,0
214313,214845,Auto,21.0,1442,3718673,827411,498152,49391,327104,0
216254,216924,Dosis III,49391.0,1442,3768064,827411,498152,49391,327104,0
201591,217500,Eukrasian Dosis III (dot),11245.0,1442,3768064,838656,498152,49391,327104,0
217113,217645,Auto,21.0,1463,3768064,838656,498152,49391,327104,0
218694,219364,Dosis III,49391.0,1463,3817455,838656,498152,49391,327104,0
219913,220445,Auto,21.0,1484,3817455,838656,498152,49391,327104,0
201591,220500,Eukrasian Dosis III (dot),11245.0,1484,3817455,849901,498152,49391,327104,0
221134,221804,Dosis III,49391.0,1484,3866846,849901,498152,49391,327104,0
201591,223500,Eukrasian Dosis III (dot),11245.0,1484,3866846,861146,498152,49391,327104,0
223575,224245,Dosis III,49391.0,1484,3916237,861146,498152,49391,327104,0
224075,224607,Auto,21.0,1505,3916237,861146,498152,49391,327104,0
201591,226500,Eukrasian Dosis III (dot),11245.0,1505,3916237,872391,498152,49391,327104,0
226015,226685,Dosis III,49391.0,1505,3965628,872391,498152,49391,327104,0
226875,227407,Auto,21.0,1526,3965628,872391,498152,49391,327104,0
228456,229126,Dosis III,49391.0,1526,4015019,872391,498152,49391,327104,0
201591,229500,Eukrasian Dosis III (dot),11245.0,1526,4015019,883636,498152,49391,327104,0
229675,230207,Auto,21.0,1547,4015019,883636,498152,49391,327104,0
230937,232500,Eukrasian Dosis III (dot),11245.0,1547,4015019,894881,498152,49391,327104,0
233398,234068,Dosis III,49391.0,1547,4064410,894881,498152,49391,327104,0
233898,234430,Auto,21.0,1568,4064410,894881,498152,49391,327104,0
230937,235500,Eukrasian Dosis III (dot),11245.0,1568,4064410,906126,498152,49391,327104,0
235838,236508,Dosis III,49391.0,1568,4113801,906126,498152,49391,327104,0
236698,237230,Auto,21.0,1589,4113801,906126,498152,49391,327104,0
230937,238500,Eukrasian Dosis III (dot),11245.0,1589,4113801,917371,498152,49391,327104,0
238279,238949,Dosis III,49391.0,1589,4163192,917371,498152,49391,327104,0
239498,240030,Auto,21.0,1610,4163192,917371,498152,49391,327104,0
240719,241389,Dosis III,49391.0,1610,4212583,917371,498152,49391,327104,0
230937,241500,Eukrasian Dosis III (dot),11245.0,1610,4212583,928616,498152,49391,327104,0
243159,243829,Dosis III,49391.0,1610,4261974,928616,498152,49391,327104,0
243659,244191,Auto,21.0,1631,4261974,928616,498152,49391,327104,0
230937,244500,Eukrasian Dosis III (dot),11245.0,1631,4261974,939861,498152,49391,327104,0
245600,246270,Dosis III,49391.0,1631,4311365,939861,498152,49391,327104,0
246459,246991,Auto,22.0,1653,4311365,939861,498152,49391,327104,0
230937,247500,Eukrasian Dosis III (dot),11245.0,1653,4311365,951106,498152,49391,327104,0
248040,248710,Dosis III,51994.0,1653,4363359,951106,498152,49391,327104,0
249259,249791,Auto,22.0,1675,4363359,951106,498152,49391,327104,0
249521,250191,Phlegma III,82139.0,1675,4363359,951106,580291,49391,327104,0
230937,250500,Eukrasian Dosis III (dot),11245.0,1675,4363359,962351,580291,49391,327104,0
250141,251241,Psyche,82139.0,1675,4363359,962351,580291,49391,409243,0
252059,252591,Auto,22.0,1697,4363359,962351,580291,49391,409243,0
251961,252631,Phlegma III,82139.0,1697,4363359,962351,662430,49391,409243,0
230937,253500,Eukrasian Dosis III (dot),11245.0,1697,4363359,973596,662430,49391,409243,0
255362,256032,Dosis III,51994.0,1697,4415353,973596,662430,49391,409243,0
255862,256394,Auto,22.0,1719,4415353,973596,662430,49391,409243,0
230937,256500,Eukrasian Dosis III (dot),11245.0,1719,4415353,984841,662430,49391,409243,0
257801,258471,Dosis III,51994.0,1719,4467347,984841,662430,49391,409243,0
258662,259194,Auto,22.0,1741,4467347,984841,662430,49391,409243,0
230937,259500,Eukrasian Dosis III (dot),11245.0,1741,4467347,996086,662430,49391,409243,0
261462,261994,Auto,22.0,1763,4467347,996086,662430,49391,409243,0
260284,262500,Eukrasian Dosis III (dot),11837.0,1763,4467347,1007923,662430,49391,409243,0
262744,263414,Dosis III,51994.0,1763,4519341,1007923,662430,49391,409243,0
260284,265500,Eukrasian Dosis III (dot),11837.0,1763,4519341,1019760,662430,49391,409243,0
265184,265854,Dosis III,51994.0,1763,4571335,1019760,662430,49391,409243,0
265684,266216,Auto,22.0,1785,4571335,1019760,662430,49391,409243,0
267625,268295,Dosis III,49391.0,1785,4620726,1019760,662430,49391,409243,0
260284,268500,Eukrasian Dosis III (dot),11837.0,1785,4620726,1031597,662430,49391,409243,0
268484,269016,Auto,21.0,1806,4620726,1031597,662430,49391,409243,0
270065,270735,Dosis III,49391.0,1806,4670117,1031597,662430,49391,409243,0
260284,271500,Eukrasian Dosis III (dot),11837.0,1806,4670117,1043434,662430,49391,409243,0
271284,271816,Auto,21.0,1827,4670117,1043434,662430,49391,409243,0
272506,273176,Dosis III,49391.0,1827,4719508,1043434,662430,49391,409243,0
260284,274500,Eukrasian Dosis III (dot),11837.0,1827,4719508,1055271,662430,49391,409243,0
274946,275616,Dosis III,49391.0,1827,4768899,1055271,662430,49391,409243,0
275446,275978,Auto,21.0,1848,4768899,1055271,662430,49391,409243,0
260284,277500,Eukrasian Dosis III (dot),11837.0,1848,4768899,1067108,662430,49391,409243,0
277387,278057,Dosis III,49391.0,1848,4818290,1067108,662430,49391,409243,0
278246,278778,Auto,21.0,1869,4818290,1067108,662430,49391,409243,0
279827,280497,Dosis III,49391.0,1869,4867681,1067108,662430,49391,409243,0
260284,280500,Eukrasian Dosis III (dot),11837.0,1869,4867681,1078945,662430,49391,409243,0
281046,281578,Auto,21.0,1890,4867681,1078945,662430,49391,409243,0
282268,282938,Dosis III,49391.0,1890,4917072,1078945,662430,49391,409243,0
260284,283500,Eukrasian Dosis III (dot),11837.0,1890,4917072,1090782,662430,49391,409243,0
284708,285378,Dosis III,49391.0,1890,4966463,1090782,662430,49391,409243,0
285208,285740,Auto,21.0,1911,4966463,1090782,662430,49391,409243,0
260284,286500,Eukrasian Dosis III (dot),11837.0,1911,4966463,1102619,662430,49391,409243,0
287148,287818,Dosis III,49391.0,1911,5015854,1102619,662430,49391,409243,0
288008,288540,Auto,21.0,1932,5015854,1102619,662430,49391,409243,0
260284,289500,Eukrasian Dosis III (dot),11837.0,1932,5015854,1114456,662430,49391,409243,0
290808,291340,Auto,21.0,1953,5015854,1114456,662430,49391,409243,0
289630,292500,Eukrasian Dosis III (dot),11245.0,1953,5015854,1125701,662430,49391,409243,0
292090,292760,Dosis III,49391.0,1953,5065245,1125701,662430,49391,409243,0
294531,295201,Dosis III,49391.0,1953,5114636,1125701,662430,49391,409243,0
289630,295500,Eukrasian Dosis III (dot),11245.0,1953,5114636,1136946,662430,49391,409243,0
295031,295563,Auto,21.0,1974,5114636,1136946,662430,49391,409243,0
296971,297641,Dosis III,49391.0,1974,5164027,1136946,662430,49391,409243,0
297831,298363,Auto,21.0,1995,5164027,1136946,662430,49391,409243,0
289630,298500,Eukrasian Dosis III (dot),11245.0,1995,5164027,1148191,662430,49391,409243,0
299412,300082,Dosis III,49391.0,1995,5213418,1148191,662430,49391,409243,0
300631,301163,Auto,21.0,2016,5213418,1148191,662430,49391,409243,0
289630,301500,Eukrasian Dosis III (dot),11245.0,2016,5213418,1159436,662430,49391,409243,0
301852,302522,Dosis III,49391.0,2016,5262809,1159436,662430,49391,409243,0
289630,304500,Eukrasian Dosis III (dot),11245.0,2016,5262809,1170681,662430,49391,409243,0
304293,304963,Dosis III,49391.0,2016,5312200,1170681,662430,49391,409243,0
304793,305325,Auto,21.0,2037,5312200,1170681,662430,49391,409243,0
306733,307403,Dosis III,49391.0,2037,5361591,1170681,662430,49391,409243,0
289630,307500,Eukrasian Dosis III (dot),11245.0,2037,5361591,1181926,662430,49391,409243,0
307593,308125,Auto,21.0,2058,5361591,1181926,662430,49391,409243,0
309173,309843,Dosis III,49391.0,2058,5410982,1181926,662430,49391,409243,0
289630,310500,Eukrasian Dosis III (dot),11245.0,2058,5410982,1193171,662430,49391,409243,0
310393,310925,Auto,21.0,2079,5410982,1193171,662430,49391,409243,0
311614,312284,Dosis III,49391.0,2079,5460373,1193171,662430,49391,409243,0
312221,313321,Psyche,78028.0,2079,5460373,1193171,662430,49391,487271,0
289630,313500,Eukrasian Dosis III (dot),11245.0,2079,5460373,1204416,662430,49391,487271,0
313193,313725,Auto,21.0,2100,5460373,1204416,662430,49391,487271,0
313094,313764,Phlegma III,78028.0,2100,5460373,1204416,740458,49391,487271,0
289630,316500,Eukrasian Dosis III (dot),11245.0,2100,5460373,1215661,740458,49391,487271,0
316495,317165,Dosis III,49391.0,2100,5509764,1215661,740458,49391,487271,0
316995,317527,Auto,21.0,2121,5509764,1215661,740458,49391,487271,0
289630,319500,Eukrasian Dosis III (dot),11245.0,2121,5509764,1226906,740458,49391,487271,0
319795,320327,Auto,21.0,2142,5509764,1226906,740458,49391,487271,0
321437,322107,Dosis III,49391.0,2142,5559155,1226906,740458,49391,487271,0
318976,322500,Eukrasian Dosis III (dot),11245.0,2142,5559155,1238151,740458,49391,487271,0
322595,323127,Auto,21.0,2163,5559155,1238151,740458,49391,487271,0
323877,324547,Dosis III,49391.0,2163,5608546,1238151,740458,49391,487271,0
318976,325500,Eukrasian Dosis III (dot),11245.0,2163,5608546,1249396,740458,49391,487271,0
326318,326988,Dosis III,49391.0,2163,5657937,1249396,740458,49391,487271,0
326818,327350,Auto,21.0,2184,5657937,1249396,740458,49391,487271,0
318976,328500,Eukrasian Dosis III (dot),11245.0,2184,5657937,1260641,740458,49391,487271,0
328758,329428,Dosis III,49391.0,2184,5707328,1260641,740458,49391,487271,0
329618,330150,Auto,21.0,2205,5707328,1260641,740458,49391,487271,0
318976,331500,Eukrasian Dosis III (dot),11245.0,2205,5707328,1271886,740458,49391,487271,0
331198,331868,Dosis III,49391.0,2205,5756719,1271886,740458,49391,487271,0
332418,332950,Auto,21.0,2226,5756719,1271886,740458,49391,487271,0
333639,334309,Dosis III,49391.0,2226,5806110,1271886,740458,49391,487271,0
318976,334500,Eukrasian Dosis III (dot),11245.0,2226,5806110,1283131,740458,49391,487271,0
336079,336749,Dosis III,49391.0,2226,5855501,1283131,740458,49391,487271,0
336579,337111,Auto,21.0,2247,5855501,1283131,740458,49391,487271,0
318976,337500,Eukrasian Dosis III (dot),11245.0,2247,5855501,1294376,740458,49391,487271,0
338520,339190,Dosis III,49391.0,2247,5904892,1294376,740458,49391,487271,0
339379,339911,Auto,21.0,2268,5904892,1294376,740458,49391,487271,0
318976,340500,Eukrasian Dosis III (dot),11245.0,2268,5904892,1305621,740458,49391,487271,0
340960,341630,Dosis III,49391.0,2268,5954283,1305621,740458,49391,487271,0
342179,342711,Auto,21.0,2289,5954283,1305621,740458,49391,487271,0
318976,343500,Eukrasian Dosis III (dot),11245.0,2289,5954283,1316866,740458,49391,487271,0
343401,344071,Dosis III,49391.0,2289,6003674,1316866,740458,49391,487271,0
318976,346500,Eukrasian Dosis III (dot),11245.0,2289,6003674,1328111,740458,49391,487271,0
345841,346511,Dosis III,49391.0,2289,6053065,1328111,740458,49391,487271,0
346341,346873,Auto,21.0,2310,6053065,1328111,740458,49391,487271,0
348323,349500,Eukrasian Dosis III (dot),11245.0,2310,6053065,1339356,740458,49391,487271,0
349141,349673,Auto,21.0,2331,6053065,1339356,740458,49391,487271,0
350783,351453,Dosis III,49391.0,2331,6102456,1339356,740458,49391,487271,0
351941,352473,Auto,21.0,2352,6102456,1339356,740458,49391,487271,0
348323,352500,Eukrasian Dosis III (dot),11245.0,2352,6102456,1350601,740458,49391,487271,0
353224,353894,Dosis III,53462.0,2352,6155918,1350601,740458,49391,487271,0
348323,355500,Eukrasian Dosis III (dot),11245.0,2352,6155918,1361846,740458,49391,487271,0
355664,356334,Dosis III,53462.0,2352,6209380,1361846,740458,49391,487271,0
356164,356696,Auto,21.0,2373,6209380,1361846,740458,49391,487271,0
348323,358500,Eukrasian Dosis III (dot),11245.0,2373,6209380,1373091,740458,49391,487271,0
358104,358774,Dosis III,53462.0,2373,6262842,1373091,740458,49391,487271,0
358964,359496,Auto,21.0,2394,6262842,1373091,740458,49391,487271,0
360545,361215,Dosis III,53462.0,2394,6316304,1373091,740458,49391,487271,0
348323,361500,Eukrasian Dosis III (dot),11245.0,2394,6316304,1384336,740458,49391,487271,0
361764,362296,Auto,21.0,2415,6316304,1384336,740458,49391,487271,0
362985,363655,Dosis III,53462.0,2415,6369766,1384336,740458,49391,487271,0
348323,364500,Eukrasian Dosis III (dot),11245.0,2415,6369766,1395581,740458,49391,487271,0
365426,366096,Dosis III,53462.0,2415,6423228,1395581,740458,49391,487271,0
365926,366458,Auto,21.0,2436,6423228,1395581,740458,49391,487271,0
348323,367500,Eukrasian Dosis III (dot),11245.0,2436,6423228,1406826,740458,49391,487271,0
366906,367576,Phlegma III,88909.0,2436,6423228,1406826,829367,49391,487271,0
368726,369258,Auto,22.0,2458,6423228,1406826,829367,49391,487271,0
369521,370191,Phlegma III,88909.0,2458,6423228,1406826,918276,49391,487271,0
348323,370500,Eukrasian Dosis III (dot),11245.0,2458,6423228,1418071,918276,49391,487271,0
371526,372058,Auto,22.0,2480,6423228,1418071,918276,49391,487271,0
348323,373500,Eukrasian Dosis III (dot),11245.0,2480,6423228,1429316,918276,49391,487271,0
372921,373591,Dosis III,56279.0,2480,6479507,1429316,918276,49391,487271,0
373529,374629,Psyche,88909.0,2480,6479507,1429316,918276,49391,576180,0
374326,374858,Auto,22.0,2502,6479507,1429316,918276,49391,576180,0
375362,376032,Dosis III,56279.0,2502,6535786,1429316,918276,49391,576180,0
348323,376500,Eukrasian Dosis III (dot),11245.0,2502,6535786,1440561,918276,49391,576180,0
377126,377658,Auto,22.0,2524,6535786,1440561,918276,49391,576180,0
377843,379500,Eukrasian Dosis III (dot),12813.0,2524,6535786,1453374,918276,49391,576180,0
380304,380974,Dosis III,56279.0,2524,6592065,1453374,918276,49391,576180,0
380804,381336,Auto,22.0,2546,6592065,1453374,918276,49391,576180,0
381784,382454,Dosis III,56279.0,2546,6648344,1453374,918276,49391,576180,0
377843,382500,Eukrasian Dosis III (dot),12813.0,2546,6648344,1466187,918276,49391,576180,0
383604,384136,Auto,22.0,2568,6648344,1466187,918276,49391,576180,0
377843,385500,Eukrasian Dosis III (dot),12813.0,2568,6648344,1479000,918276,49391,576180,0
385184,385854,Dosis III,51994.0,2568,6700338,1479000,918276,49391,576180,0
386404,386936,Auto,21.0,2589,6700338,1479000,918276,49391,576180,0
387625,388295,Dosis III,49391.0,2589,6749729,1479000,918276,49391,576180,0
377843,388500,Eukrasian Dosis III (dot),12813.0,2589,6749729,1491813,918276,49391,576180,0
390065,390735,Dosis III,49391.0,2589,6799120,1491813,918276,49391,576180,0
390565,391097,Auto,21.0,2610,6799120,1491813,918276,49391,576180,0
377843,391500,Eukrasian Dosis III (dot),12813.0,2610,6799120,1504626,918276,49391,576180,0
392506,393176,Dosis III,49391.0,2610,6848511,1504626,918276,49391,576180,0
393365,393897,Auto,21.0,2631,6848511,1504626,918276,49391,576180,0
377843,394500,Eukrasian Dosis III (dot),12813.0,2631,6848511,1517439,918276,49391,576180,0
394946,395616,Dosis III,49391.0,2631,6897902,1517439,918276,49391,576180,0
396165,396697,Auto,21.0,2652,6897902,1517439,918276,49391,576180,0
377843,397500,Eukrasian Dosis III (dot),12813.0,2652,6897902,1530252,918276,49391,576180,0
397387,398057,Dosis III,49391.0,2652,6947293,1530252,918276,49391,576180,0
399827,400497,Dosis III,49391.0,2652,6996684,1530252,918276,49391,576180,0
377843,400500,Eukrasian Dosis III (dot),12813.0,2652,6996684,1543065,918276,49391,576180,0
400327,400859,Auto,21.0,2673,6996684,1543065,918276,49391,576180,0
402268,402938,Dosis III,49391.0,2673,7046075,1543065,918276,49391,576180,0
377843,403500,Eukrasian Dosis III (dot),12813.0,2673,7046075,1555878,918276,49391,576180,0
403127,403659,Auto,21.0,2694,7046075,1555878,918276,49391,576180,0
404708,405378,Dosis III,49391.0,2694,7095466,1555878,918276,49391,576180,0
405927,406459,Auto,21.0,2715,7095466,1555878,918276,49391,576180,0
377843,406500,Eukrasian Dosis III (dot),12813.0,2715,7095466,1568691,918276,49391,576180,0
407189,409500,Eukrasian Dosis III (dot),11245.0,2715,7095466,1579936,918276,49391,576180,0
409650,410320,Dosis III,49391.0,2715,7144857,1579936,918276,49391,576180,0
410150,410682,Auto,21.0,2736,7144857,1579936,918276,49391,576180,0
411130,412330,Toxikon II,49391.0,2736,7144857,1579936,918276,49391,576180,49391
407189,412500,Eukrasian Dosis III (dot),11245.0,2736,7144857,1591181,918276,49391,576180,49391
412950,413482,Auto,21.0,2757,7144857,1591181,918276,49391,576180,49391
414531,415201,Dosis III,49391.0,2757,7194248,1591181,918276,49391,576180,49391
407189,415500,Eukrasian Dosis III (dot),11245.0,2757,7194248,1602426,918276,49391,576180,49391
415750,416282,Auto,21.0,2778,7194248,1602426,918276,49391,576180,49391
416971,417641,Dosis III,49391.0,2778,7243639,1602426,918276,49391,576180,49391
407189,418500,Eukrasian Dosis III (dot),11245.0,2778,7243639,1613671,918276,49391,576180,49391
419412,420082,Dosis III,49391.0,2778,7293030,1613671,918276,49391,576180,49391
419912,420444,Auto,21.0,2799,7293030,1613671,918276,49391,576180,49391
407189,421500,Eukrasian Dosis III (dot),11245.0,2799,7293030,1624916,918276,49391,576180,49391
421852,422522,Dosis III,49391.0,2799,7342421,1624916,918276,49391,576180,49391
422712,423244,Auto,21.0,2820,7342421,1624916,918276,49391,576180,49391
407189,424500,Eukrasian Dosis III (dot),11245.0,2820,7342421,1636161,918276,49391,576180,49391
424293,424963,Dosis III,49391.0,2820,7391812,1636161,918276,49391,576180,49391
425512,426044,Auto,21.0,2841,7391812,1636161,918276,49391,576180,49391
426733,427403,Dosis III,49391.0,2841,7441203,1636161,918276,49391,576180,49391
407189,427500,Eukrasian Dosis III (dot),11245.0,2841,7441203,1647406,918276,49391,576180,49391
428312,428844,Auto,21.0,2862,7441203,1647406,918276,49391,576180,49391
428213,428883,Phlegma III,78028.0,2862,7441203,1647406,996304,49391,576180,49391
407189,430500,Eukrasian Dosis III (dot),11245.0,2862,7441203,1658651,996304,49391,576180,49391
431614,432284,Dosis III,49391.0,2862,7490594,1658651,996304,49391,576180,49391
432114,432646,Auto,21.0,2883,7490594,1658651,996304,49391,576180,49391
407189,433500,Eukrasian Dosis III (dot),11245.0,2883,7490594,1669896,996304,49391,576180,49391
434054,434724,Dosis III,49391.0,2883,7539985,1669896,996304,49391,576180,49391
434914,435446,Auto,21.0,2904,7539985,1669896,996304,49391,576180,49391
434662,435762,Psyche,78028.0,2904,7539985,1669896,996304,49391,654208,49391
407189,436500,Eukrasian Dosis III (dot),11245.0,2904,7539985,1681141,996304,49391,654208,49391
437714,438246,Auto,21.0,2925,7539985,1681141,996304,49391,654208,49391
436536,439500,Eukrasian Dosis III (dot),11245.0,2925,7539985,1692386,996304,49391,654208,49391
438996,439666,Dosis III,49391.0,2925,7589376,1692386,996304,49391,654208,49391
441437,442107,Dosis III,49391.0,2925,7638767,1692386,996304,49391,654208,49391
441937,442469,Auto,21.0,2946,7638767,1692386,996304,49391,654208,49391
436536,442500,Eukrasian Dosis III (dot),11245.0,2946,7638767,1703631,996304,49391,654208,49391
443877,444547,Dosis III,49391.0,2946,7688158,1703631,996304,49391,654208,49391
444737,445269,Auto,21.0,2967,7688158,1703631,996304,49391,654208,49391
436536,445500,Eukrasian Dosis III (dot),11245.0,2967,7688158,1714876,996304,49391,654208,49391
446318,446988,Dosis III,49391.0,2967,7737549,1714876,996304,49391,654208,49391
447537,448069,Auto,21.0,2988,7737549,1714876,996304,49391,654208,49391
436536,448500,Eukrasian Dosis III (dot),11245.0,2988,7737549,1726121,996304,49391,654208,49391
448758,449428,Dosis III,49391.0,2988,7786940,1726121,996304,49391,654208,49391
436536,451500,Eukrasian Dosis III (dot),11245.0,2988,7786940,1737366,996304,49391,654208,49391
451198,451868,Dosis III,49391.0,2988,7836331,1737366,996304,49391,654208,49391
451698,452230,Auto,21.0,3009,7836331,1737366,996304,49391,654208,49391
453639,454309,Dosis III,49391.0,3009,7885722,1737366,996304,49391,654208,49391
436536,454500,Eukrasian Dosis III (dot),11245.0,3009,7885722,1748611,996304,49391,654208,49391
454498,455030,Auto,21.0,3030,7885722,1748611,996304,49391,654208,49391
456079,456749,Dosis III,49391.0,3030,7935113,1748611,996304,49391,654208,49391
436536,457500,Eukrasian Dosis III (dot),11245.0,3030,7935113,1759856,996304,49391,654208,49391
457298,457830,Auto,21.0,3051,7935113,1759856,996304,49391,654208,49391
458520,459190,Dosis III,49391.0,3051,7984504,1759856,996304,49391,654208,49391
436536,460500,Eukrasian Dosis III (dot),11245.0,3051,7984504,1771101,996304,49391,654208,49391
460960,461630,Dosis III,49391.0,3051,8033895,1771101,996304,49391,654208,49391
461460,461992,Auto,21.0,3072,8033895,1771101,996304,49391,654208,49391
436536,463500,Eukrasian Dosis III (dot),11245.0,3072,8033895,1782346,996304,49391,654208,49391
463401,464071,Dosis III,49391.0,3072,8083286,1782346,996304,49391,654208,49391
464260,464792,Auto,21.0,3093,8083286,1782346,996304,49391,654208,49391
436536,466500,Eukrasian Dosis III (dot),11245.0,3093,8083286,1793591,996304,49391,654208,49391
467060,467592,Auto,21.0,3114,8083286,1793591,996304,49391,654208,49391
468343,469013,Dosis III,49391.0,3114,8132677,1793591,996304,49391,654208,49391
465882,469500,Eukrasian Dosis III (dot),11245.0,3114,8132677,1804836,996304,49391,654208,49391
470783,471453,Dosis III,49391.0,3114,8182068,1804836,996304,49391,654208,49391
471283,471815,Auto,21.0,3135,8182068,1804836,996304,49391,654208,49391
465882,472500,Eukrasian Dosis III (dot),11245.0,3135,8182068,1816081,996304,49391,654208,49391
473224,473894,Dosis III,49391.0,3135,8231459,1816081,996304,49391,654208,49391
474083,474615,Auto,21.0,3156,8231459,1816081,996304,49391,654208,49391
465882,475500,Eukrasian Dosis III (dot),11245.0,3156,8231459,1827326,996304,49391,654208,49391
475664,476334,Dosis III,49391.0,3156,8280850,1827326,996304,49391,654208,49391
476883,477415,Auto,21.0,3177,8280850,1827326,996304,49391,654208,49391
465882,478500,Eukrasian Dosis III (dot),11245.0,3177,8280850,1838571,996304,49391,654208,49391
478104,478774,Dosis III,49391.0,3177,8330241,1838571,996304,49391,654208,49391
480545,481215,Dosis III,49391.0,3177,8379632,1838571,996304,49391,654208,49391
465882,481500,Eukrasian Dosis III (dot),11245.0,3177,8379632,1849816,996304,49391,654208,49391
481045,481577,Auto,21.0,3198,8379632,1849816,996304,49391,654208,49391
482985,483655,Dosis III,49391.0,3198,8429023,1849816,996304,49391,654208,49391
483845,484377,Auto,21.0,3219,8429023,1849816,996304,49391,654208,49391
465882,484500,Eukrasian Dosis III (dot),11245.0,3219,8429023,1861061,996304,49391,654208,49391
485426,486096,Dosis III,49391.0,3219,8478414,1861061,996304,49391,654208,49391
486645,487177,Auto,22.0,3241,8478414,1861061,996304,49391,654208,49391
465882,487500,Eukrasian Dosis III (dot),11245.0,3241,8478414,1872306,996304,49391,654208,49391
486906,487576,Phlegma III,82139.0,3241,8478414,1872306,1078443,49391,654208,49391
489445,489977,Auto,22.0,3263,8478414,1872306,1078443,49391,654208,49391
489521,490191,Phlegma III,82139.0,3263,8478414,1872306,1160582,49391,654208,49391
465882,490500,Eukrasian Dosis III (dot),11245.0,3263,8478414,1883551,1160582,49391,654208,49391
465882,493500,Eukrasian Dosis III (dot),11245.0,3263,8478414,1894796,1160582,49391,654208,49391
492921,493591,Dosis III,51994.0,3263,8530408,1894796,1160582,49391,654208,49391
493421,493953,Auto,22.0,3285,8530408,1894796,1160582,49391,654208,49391
495403,496500,Eukrasian Dosis III (dot),11837.0,3285,8530408,1906633,1160582,49391,654208,49391
496221,496753,Auto,22.0,3307,8530408,1906633,1160582,49391,654208,49391
496023,497123,Psyche,82139.0,3307,8530408,1906633,1160582,49391,736347,49391
497863,498533,Dosis III,51994.0,3307,8582402,1906633,1160582,49391,736347,49391
495403,499500,Eukrasian Dosis III (dot),11837.0,3307,8582402,1918470,1160582,49391,736347,49391
499021,499553,Auto,22.0,3329,8582402,1918470,1160582,49391,736347,49391
500304,500974,Dosis III,51994.0,3329,8634396,1918470,1160582,49391,736347,49391
495403,502500,Eukrasian Dosis III (dot),11837.0,3329,8634396,1930307,1160582,49391,736347,49391
502744,503414,Dosis III,51994.0,3329,8686390,1930307,1160582,49391,736347,49391
503244,503776,Auto,22.0,3351,8686390,1930307,1160582,49391,736347,49391
495403,505500,Eukrasian Dosis III (dot),11837.0,3351,8686390,1942144,1160582,49391,736347,49391
505184,505854,Dosis III,51994.0,3351,8738384,1942144,1160582,49391,736347,49391
506044,506576,Auto,22.0,3373,8738384,1942144,1160582,49391,736347,49391
507625,508295,Dosis III,49391.0,3373,8787775,1942144,1160582,49391,736347,49391
495403,508500,Eukrasian Dosis III (dot),11837.0,3373,8787775,1953981,1160582,49391,736347,49391
508844,509376,Auto,21.0,3394,8787775,1953981,1160582,49391,736347,49391
510065,510735,Dosis III,49391.0,3394,8837166,1953981,1160582,49391,736347,49391
495403,511500,Eukrasian Dosis III (dot),11837.0,3394,8837166,1965818,1160582,49391,736347,49391
512506,513176,Dosis III,49391.0,3394,8886557,1965818,1160582,49391,736347,49391
513006,513538,Auto,21.0,3415,8886557,1965818,1160582,49391,736347,49391
495403,514500,Eukrasian Dosis III (dot),11837.0,3415,8886557,1977655,1160582,49391,736347,49391
514946,515616,Dosis III,49391.0,3415,8935948,1977655,1160582,49391,736347,49391
515806,516338,Auto,21.0,3436,8935948,1977655,1160582,49391,736347,49391
495403,517500,Eukrasian Dosis III (dot),11837.0,3436,8935948,1989492,1160582,49391,736347,49391
517387,518057,Dosis III,49391.0,3436,8985339,1989492,1160582,49391,736347,49391
518606,519138,Auto,21.0,3457,8985339,1989492,1160582,49391,736347,49391
519826,520496,Dosis III,49391.0,3457,9034730,1989492,1160582,49391,736347,49391
495403,520500,Eukrasian Dosis III (dot),11837.0,3457,9034730,2001329,1160582,49391,736347,49391
522268,522938,Dosis III,49391.0,3457,9084121,2001329,1160582,49391,736347,49391
522768,523300,Auto,21.0,3478,9084121,2001329,1160582,49391,736347,49391
495403,523500,Eukrasian Dosis III (dot),11837.0,3478,9084121,2013166,1160582,49391,736347,49391
525568,526100,Auto,21.0,3499,9084121,2013166,1160582,49391,736347,49391
524749,526500,Eukrasian Dosis III (dot),11245.0,3499,9084121,2024411,1160582,49391,736347,49391
527210,527880,Dosis III,49391.0,3499,9133512,2024411,1160582,49391,736347,49391
528368,528900,Auto,21.0,3520,9133512,2024411,1160582,49391,736347,49391
524749,529500,Eukrasian Dosis III (dot),11245.0,3520,9133512,2035656,1160582,49391,736347,49391
529650,530320,Dosis III,49391.0,3520,9182903,2035656,1160582,49391,736347,49391
524749,532500,Eukrasian Dosis III (dot),11245.0,3520,9182903,2046901,1160582,49391,736347,49391
532090,532760,Dosis III,49391.0,3520,9232294,2046901,1160582,49391,736347,49391
532590,533122,Auto,21.0,3541,9232294,2046901,1160582,49391,736347,49391
534531,535201,Dosis III,49391.0,3541,9281685,2046901,1160582,49391,736347,49391
524749,535500,Eukrasian Dosis III (dot),11245.0,3541,9281685,2058146,1160582,49391,736347,49391
535390,535922,Auto,21.0,3562,9281685,2058146,1160582,49391,736347,49391
536971,537641,Dosis III,49391.0,3562,9331076,2058146,1160582,49391,736347,49391
524749,538500,Eukrasian Dosis III (dot),11245.0,3562,9331076,2069391,1160582,49391,736347,49391
538190,538722,Auto,21.0,3583,9331076,2069391,1160582,49391,736347,49391
539412,540082,Dosis III,49391.0,3583,9380467,2069391,1160582,49391,736347,49391
524749,541500,Eukrasian Dosis III (dot),11245.0,3583,9380467,2080636,1160582,49391,736347,49391
541852,542522,Dosis III,49391.0,3583,9429858,2080636,1160582,49391,736347,49391
542352,542884,Auto,21.0,3604,9429858,2080636,1160582,49391,736347,49391
524749,544500,Eukrasian Dosis III (dot),11245.0,3604,9429858,2091881,1160582,49391,736347,49391
544293,544963,Dosis III,49391.0,3604,9479249,2091881,1160582,49391,736347,49391
545152,545684,Auto,21.0,3625,9479249,2091881,1160582,49391,736347,49391
545773,546443,Phlegma III,78028.0,3625,9479249,2091881,1238610,49391,736347,49391
524749,547500,Eukrasian Dosis III (dot),11245.0,3625,9479249,2103126,1238610,49391,736347,49391
547952,548484,Auto,21.0,3646,9479249,2103126,1238610,49391,736347,49391
549173,549843,Dosis III,49391.0,3646,9528640,2103126,1238610,49391,736347,49391
524749,550500,Eukrasian Dosis III (dot),11245.0,3646,9528640,2114371,1238610,49391,736347,49391
551614,552284,Dosis III,49391.0,3646,9578031,2114371,1238610,49391,736347,49391
552114,552646,Auto,21.0,3667,9578031,2114371,1238610,49391,736347,49391
524749,553500,Eukrasian Dosis III (dot),11245.0,3667,9578031,2125616,1238610,49391,736347,49391
554914,555446,Auto,21.0,3688,9578031,2125616,1238610,49391,736347,49391
554095,556500,Eukrasian Dosis III (dot),11245.0,3688,9578031,2136861,1238610,49391,736347,49391
556556,557226,Dosis III,49391.0,3688,9627422,2136861,1238610,49391,736347,49391
557714,558246,Auto,21.0,3709,9627422,2136861,1238610,49391,736347,49391
557163,558263,Psyche,78028.0,3709,9627422,2136861,1238610,49391,814375,49391
554095,559500,Eukrasian Dosis III (dot),11245.0,3709,9627422,2148106,1238610,49391,814375,49391
558996,559666,Dosis III,49391.0,3709,9676813,2148106,1238610,49391,814375,49391
561437,562107,Dosis III,49391.0,3709,9726204,2148106,1238610,49391,814375,49391
561937,562469,Auto,21.0,3730,9726204,2148106,1238610,49391,814375,49391
554095,562500,Eukrasian Dosis III (dot),11245.0,3730,9726204,2159351,1238610,49391,814375,49391
563877,564547,Dosis III,49391.0,3730,9775595,2159351,1238610,49391,814375,49391
564737,565269,Auto,21.0,3751,9775595,2159351,1238610,49391,814375,49391
554095,565500,Eukrasian Dosis III (dot),11245.0,3751,9775595,2170596,1238610,49391,814375,49391
566318,566988,Dosis III,49391.0,3751,9824986,2170596,1238610,49391,814375,49391
567537,568069,Auto,21.0,3772,9824986,2170596,1238610,49391,814375,49391
554095,568500,Eukrasian Dosis III (dot),11245.0,3772,9824986,2181841,1238610,49391,814375,49391
568758,569428,Dosis III,49391.0,3772,9874377,2181841,1238610,49391,814375,49391
554095,571500,Eukrasian Dosis III (dot),11245.0,3772,9874377,2193086,1238610,49391,814375,49391
571198,571868,Dosis III,49391.0,3772,9923768,2193086,1238610,49391,814375,49391
571698,572230,Auto,21.0,3793,9923768,2193086,1238610,49391,814375,49391
573639,574309,Dosis III,49391.0,3793,9973159,2193086,1238610,49391,814375,49391
554095,574500,Eukrasian Dosis III (dot),11245.0,3793,9973159,2204331,1238610,49391,814375,49391
574498,575030,Auto,21.0,3814,9973159,2204331,1238610,49391,814375,49391
576079,576749,Dosis III,49391.0,3814,10022550,2204331,1238610,49391,814375,49391
554095,577500,Eukrasian Dosis III (dot),11245.0,3814,10022550,2215576,1238610,49391,814375,49391
577298,577830,Auto,21.0,3835,10022550,2215576,1238610,49391,814375,49391
578520,579190,Dosis III,49391.0,3835,10071941,2215576,1238610,49391,814375,49391
554095,580500,Eukrasian Dosis III (dot),11245.0,3835,10071941,2226821,1238610,49391,814375,49391
580960,581630,Dosis III,49391.0,3835,10121332,2226821,1238610,49391,814375,49391
581460,581992,Auto,21.0,3856,10121332,2226821,1238610,49391,814375,49391
554095,583500,Eukrasian Dosis III (dot),11245.0,3856,10121332,2238066,1238610,49391,814375,49391
584260,584792,Auto,21.0,3877,10121332,2238066,1238610,49391,814375,49391
583442,586500,Eukrasian Dosis III (dot),11245.0,3877,10121332,2249311,1238610,49391,814375,49391
585902,586572,Dosis III,49391.0,3877,10170723,2249311,1238610,49391,814375,49391
587060,587592,Auto,21.0,3898,10170723,2249311,1238610,49391,814375,49391
588343,589013,Dosis III,49391.0,3898,10220114,2249311,1238610,49391,814375,49391
583442,589500,Eukrasian Dosis III (dot),11245.0,3898,10220114,2260556,1238610,49391,814375,49391
590783,591453,Dosis III,49391.0,3898,10269505,2260556,1238610,49391,814375,49391
591283,591815,Auto,21.0,3919,10269505,2260556,1238610,49391,814375,49391
583442,592500,Eukrasian Dosis III (dot),11245.0,3919,10269505,2271801,1238610,49391,814375,49391
593224,593894,Dosis III,49391.0,3919,10318896,2271801,1238610,49391,814375,49391
594083,594615,Auto,21.0,3940,10318896,2271801,1238610,49391,814375,49391
583442,595500,Eukrasian Dosis III (dot),11245.0,3940,10318896,2283046,1238610,49391,814375,49391
595664,596334,Dosis III,49391.0,3940,10368287,2283046,1238610,49391,814375,49391
596883,597415,Auto,21.0,3961,10368287,2283046,1238610,49391,814375,49391
583442,598500,Eukrasian Dosis III (dot),11245.0,3961,10368287,2294291,1238610,49391,814375,49391
598104,598774,Dosis III,49391.0,3961,10417678,2294291,1238610,49391,814375,49391
600545,601215,Dosis III,49391.0,3961,10467069,2294291,1238610,49391,814375,49391
583442,601500,Eukrasian Dosis III (dot),11245.0,3961,10467069,2305536,1238610,49391,814375,49391
601045,601577,Auto,21.0,3982,10467069,2305536,1238610,49391,814375,49391
602985,603655,Dosis III,49391.0,3982,10516460,2305536,1238610,49391,814375,49391
603845,604377,Auto,21.0,4003,10516460,2305536,1238610,49391,814375,49391
583442,604500,Eukrasian Dosis III (dot),11245.0,4003,10516460,2316781,1238610,49391,814375,49391
605426,606096,Dosis III,49391.0,4003,10565851,2316781,1238610,49391,814375,49391
606645,607177,Auto,21.0,4024,10565851,2316781,1238610,49391,814375,49391
583442,607500,Eukrasian Dosis III (dot),11245.0,4024,10565851,2328026,1238610,49391,814375,49391
607866,608536,Dosis III,51994.0,4024,10617845,2328026,1238610,49391,814375,49391
609445,609977,Auto,22.0,4046,10617845,2328026,1238610,49391,814375,49391
609347,610017,Phlegma III,82139.0,4046,10617845,2328026,1320749,49391,814375,49391
583442,610500,Eukrasian Dosis III (dot),11245.0,4046,10617845,2339271,1320749,49391,814375,49391
611787,612457,Phlegma III,82139.0,4046,10617845,2339271,1402888,49391,814375,49391
612245,612777,Auto,22.0,4068,10617845,2339271,1402888,49391,814375,49391
583442,613500,Eukrasian Dosis III (dot),11245.0,4068,10617845,2350516,1402888,49391,814375,49391
615187,615857,Dosis III,51994.0,4068,10669839,2350516,1402888,49391,814375,49391
615687,616219,Auto,22.0,4090,10669839,2350516,1402888,49391,814375,49391
617628,618298,Dosis III,51994.0,4090,10721833,2350516,1402888,49391,814375,49391
618487,619019,Auto,22.0,4112,10721833,2350516,1402888,49391,814375,49391
618235,619335,Psyche,82139.0,4112,10721833,2350516,1402888,49391,896514,49391
621287,621819,Auto,22.0,4134,10721833,2350516,1402888,49391,896514,49391
620109,622500,Eukrasian Dosis III (dot),11837.0,4134,10721833,2362353,1402888,49391,896514,49391
622570,623240,Dosis III,51994.0,4134,10773827,2362353,1402888,49391,896514,49391
620109,625500,Eukrasian Dosis III (dot),11837.0,4134,10773827,2374190,1402888,49391,896514,49391
625010,625680,Dosis III,51994.0,4134,10825821,2374190,1402888,49391,896514,49391
625510,626042,Auto,22.0,4156,10825821,2374190,1402888,49391,896514,49391
627451,628121,Dosis III,49391.0,4156,10875212,2374190,1402888,49391,896514,49391
620109,628500,Eukrasian Dosis III (dot),11837.0,4156,10875212,2386027,1402888,49391,896514,49391
628310,628842,Auto,21.0,4177,10875212,2386027,1402888,49391,896514,49391
629891,630561,Dosis III,49391.0,4177,10924603,2386027,1402888,49391,896514,49391
620109,631500,Eukrasian Dosis III (dot),11837.0,4177,10924603,2397864,1402888,49391,896514,49391
631110,631642,Auto,21.0,4198,10924603,2397864,1402888,49391,896514,49391
632332,633002,Dosis III,49391.0,4198,10973994,2397864,1402888,49391,896514,49391
620109,634500,Eukrasian Dosis III (dot),11837.0,4198,10973994,2409701,1402888,49391,896514,49391
634772,635442,Dosis III,49391.0,4198,11023385,2409701,1402888,49391,896514,49391
635272,635804,Auto,21.0,4219,11023385,2409701,1402888,49391,896514,49391
620109,637500,Eukrasian Dosis III (dot),11837.0,4219,11023385,2421538,1402888,49391,896514,49391
637213,637883,Dosis III,49391.0,4219,11072776,2421538,1402888,49391,896514,49391
638072,638604,Auto,21.0,4240,11072776,2421538,1402888,49391,896514,49391
639653,640323,Dosis III,49391.0,4240,11122167,2421538,1402888,49391,896514,49391
620109,640500,Eukrasian Dosis III (dot),11837.0,4240,11122167,2433375,1402888,49391,896514,49391
640872,641404,Auto,21.0,4261,11122167,2433375,1402888,49391,896514,49391
642134,643500,Eukrasian Dosis III (dot),11245.0,4261,11122167,2444620,1402888,49391,896514,49391
644595,645265,Dosis III,49391.0,4261,11171558,2444620,1402888,49391,896514,49391
645095,645627,Auto,21.0,4282,11171558,2444620,1402888,49391,896514,49391
642134,646500,Eukrasian Dosis III (dot),11245.0,4282,11171558,2455865,1402888,49391,896514,49391
647035,647705,Dosis III,49391.0,4282,11220949,2455865,1402888,49391,896514,49391
647895,648427,Auto,21.0,4303,11220949,2455865,1402888,49391,896514,49391
642134,649500,Eukrasian Dosis III (dot),11245.0,4303,11220949,2467110,1402888,49391,896514,49391
649476,650146,Dosis III,49391.0,4303,11270340,2467110,1402888,49391,896514,49391
650695,651227,Auto,21.0,4324,11270340,2467110,1402888,49391,896514,49391
642134,652500,Eukrasian Dosis III (dot),11245.0,4324,11270340,2478355,1402888,49391,896514,49391
651916,652586,Dosis III,49391.0,4324,11319731,2478355,1402888,49391,896514,49391
654357,655027,Dosis III,49391.0,4324,11369122,2478355,1402888,49391,896514,49391
654857,655389,Auto,21.0,4345,11369122,2478355,1402888,49391,896514,49391
642134,655500,Eukrasian Dosis III (dot),11245.0,4345,11369122,2489600,1402888,49391,896514,49391
656797,657467,Dosis III,49391.0,4345,11418513,2489600,1402888,49391,896514,49391
657657,658189,Auto,21.0,4366,11418513,2489600,1402888,49391,896514,49391
642134,658500,Eukrasian Dosis III (dot),11245.0,4366,11418513,2500845,1402888,49391,896514,49391
659238,659908,Dosis III,49391.0,4366,11467904,2500845,1402888,49391,896514,49391
660457,660989,Auto,21.0,4387,11467904,2500845,1402888,49391,896514,49391
642134,661500,Eukrasian Dosis III (dot),11245.0,4387,11467904,2512090,1402888,49391,896514,49391
661678,662348,Dosis III,49391.0,4387,11517295,2512090,1402888,49391,896514,49391
642134,664500,Eukrasian Dosis III (dot),11245.0,4387,11517295,2523335,1402888,49391,896514,49391
664118,664788,Dosis III,49391.0,4387,11566686,2523335,1402888,49391,896514,49391
664618,665150,Auto,21.0,4408,11566686,2523335,1402888,49391,896514,49391
666559,667229,Dosis III,49391.0,4408,11616077,2523335,1402888,49391,896514,49391
642134,667500,Eukrasian Dosis III (dot),11245.0,4408,11616077,2534580,1402888,49391,896514,49391
667418,667950,Auto,21.0,4429,11616077,2534580,1402888,49391,896514,49391
668999,669669,Dosis III,49391.0,4429,11665468,2534580,1402888,49391,896514,49391
642134,670500,Eukrasian Dosis III (dot),11245.0,4429,11665468,2545825,1402888,49391,896514,49391
670218,670750,Auto,21.0,4450,11665468,2545825,1402888,49391,896514,49391
671481,673500,Eukrasian Dosis III (dot),11245.0,4450,11665468,2557070,1402888,49391,896514,49391
673941,674611,Dosis III,49391.0,4450,11714859,2557070,1402888,49391,896514,49391
674441,674973,Auto,21.0,4471,11714859,2557070,1402888,49391,896514,49391
671481,676500,Eukrasian Dosis III (dot),11245.0,4471,11714859,2568315,1402888,49391,896514,49391
676382,677052,Dosis III,49391.0,4471,11764250,2568315,1402888,49391,896514,49391
677241,677773,Auto,21.0,4492,11764250,2568315,1402888,49391,896514,49391
678822,679492,Dosis III,49391.0,4492,11813641,2568315,1402888,49391,896514,49391
671481,679500,Eukrasian Dosis III (dot),11245.0,4492,11813641,2579560,1402888,49391,896514,49391
679430,680530,Psyche,78028.0,4492,11813641,2579560,1402888,49391,974542,49391
680041,680573,Auto,21.0,4513,11813641,2579560,1402888,49391,974542,49391
681263,681933,Dosis III,49391.0,4513,11863032,2579560,1402888,49391,974542,49391
671481,682500,Eukrasian Dosis III (dot),11245.0,4513,11863032,2590805,1402888,49391,974542,49391
683703,684373,Dosis III,49391.0,4513,11912423,2590805,1402888,49391,974542,49391
684203,684735,Auto,21.0,4534,11912423,2590805,1402888,49391,974542,49391
671481,685500,Eukrasian Dosis III (dot),11245.0,4534,11912423,2602050,1402888,49391,974542,49391
685183,685853,Phlegma III,78028.0,4534,11912423,2602050,1480916,49391,974542,49391
687003,687535,Auto,21.0,4555,11912423,2602050,1480916,49391,974542,49391
671481,688500,Eukrasian Dosis III (dot),11245.0,4555,11912423,2613295,1480916,49391,974542,49391
688584,689254,Dosis III,49391.0,4555,11961814,2613295,1480916,49391,974542,49391
689803,690335,Auto,21.0,4576,11961814,2613295,1480916,49391,974542,49391
671481,691500,Eukrasian Dosis III (dot),11245.0,4576,11961814,2624540,1480916,49391,974542,49391
691024,691694,Dosis III,49391.0,4576,12011205,2624540,1480916,49391,974542,49391
693465,694135,Dosis III,49391.0,4576,12060596,2624540,1480916,49391,974542,49391
693965,694497,Auto,21.0,4597,12060596,2624540,1480916,49391,974542,49391
671481,694500,Eukrasian Dosis III (dot),11245.0,4597,12060596,2635785,1480916,49391,974542,49391
695905,696575,Dosis III,49391.0,4597,12109987,2635785,1480916,49391,974542,49391
696765,697297,Auto,21.0,4618,12109987,2635785,1480916,49391,974542,49391
671481,697500,Eukrasian Dosis III (dot),11245.0,4618,12109987,2647030,1480916,49391,974542,49391
698346,699016,Dosis III,49391.0,4618,12159378,2647030,1480916,49391,974542,49391
699565,700097,Auto,21.0,4639,12159378,2647030,1480916,49391,974542,49391
671481,700500,Eukrasian Dosis III (dot),11245.0,4639,12159378,2658275,1480916,49391,974542,49391
700786,701456,Dosis III,49391.0,4639,12208769,2658275,1480916,49391,974542,49391
702365,702897,Auto,21.0,4660,12208769,2658275,1480916,49391,974542,49391
703268,704468,Toxikon II,49391.0,4660,12208769,2658275,1480916,49391,974542,98782
705165,705697,Auto,21.0,4681,12208769,2658275,1480916,49391,974542,98782
705708,706500,Eukrasian Dosis III (dot),11245.0,4681,12208769,2669520,1480916,49391,974542,98782
708168,708838,Dosis III,49391.0,4681,12258160,2669520,1480916,49391,974542,98782
708668,709200,Auto,21.0,4702,12258160,2669520,1480916,49391,974542,98782
705708,709500,Eukrasian Dosis III (dot),11245.0,4702,12258160,2680765,1480916,49391,974542,98782
710609,711279,Dosis III,49391.0,4702,12307551,2680765,1480916,49391,974542,98782
711468,712000,Auto,21.0,4723,12307551,2680765,1480916,49391,974542,98782
705708,712500,Eukrasian Dosis III (dot),11245.0,4723,12307551,2692010,1480916,49391,974542,98782
713049,713719,Dosis III,49391.0,4723,12356942,2692010,1480916,49391,974542,98782
714268,714800,Auto,21.0,4744,12356942,2692010,1480916,49391,974542,98782
705708,715500,Eukrasian Dosis III (dot),11245.0,4744,12356942,2703255,1480916,49391,974542,98782
715490,716160,Dosis III,53462.0,4744,12410404,2703255,1480916,49391,974542,98782
705708,718500,Eukrasian Dosis III (dot),11245.0,4744,12410404,2714500,1480916,49391,974542,98782
717930,718600,Dosis III,53462.0,4744,12463866,2714500,1480916,49391,974542,98782
718430,718962,Auto,21.0,4765,12463866,2714500,1480916,49391,974542,98782
720371,721041,Dosis III,53462.0,4765,12517328,2714500,1480916,49391,974542,98782
705708,721500,Eukrasian Dosis III (dot),11245.0,4765,12517328,2725745,1480916,49391,974542,98782
721230,721762,Auto,21.0,4786,12517328,2725745,1480916,49391,974542,98782
722811,723481,Dosis III,53462.0,4786,12570790,2725745,1480916,49391,974542,98782
705708,724500,Eukrasian Dosis III (dot),11245.0,4786,12570790,2736990,1480916,49391,974542,98782
724030,724562,Auto,21.0,4807,12570790,2736990,1480916,49391,974542,98782
725252,725922,Dosis III,53462.0,4807,12624252,2736990,1480916,49391,974542,98782
705708,727500,Eukrasian Dosis III (dot),11245.0,4807,12624252,2748235,1480916,49391,974542,98782
727692,728362,Dosis III,56279.0,4807,12680531,2748235,1480916,49391,974542,98782
728192,728724,Auto,22.0,4829,12680531,2748235,1480916,49391,974542,98782
729172,729842,Phlegma III,88909.0,4829,12680531,2748235,1569825,49391,974542,98782
705708,730500,Eukrasian Dosis III (dot),11245.0,4829,12680531,2759480,1569825,49391,974542,98782
730992,731524,Auto,22.0,4851,12680531,2759480,1569825,49391,974542,98782
731613,732283,Phlegma III,88909.0,4851,12680531,2759480,1658734,49391,974542,98782
705708,733500,Eukrasian Dosis III (dot),11245.0,4851,12680531,2770725,1658734,49391,974542,98782
733792,734324,Auto,22.0,4873,12680531,2770725,1658734,49391,974542,98782
735013,735683,Dosis III,56279.0,4873,12736810,2770725,1658734,49391,974542,98782
737454,738124,Dosis III,56279.0,4873,12793089,2770725,1658734,49391,974542,98782
737954,738486,Auto,22.0,4895,12793089,2770725,1658734,49391,974542,98782
739894,740564,Dosis III,56279.0,4895,12849368,2770725,1658734,49391,974542,98782
740754,741286,Auto,22.0,4917,12849368,2770725,1658734,49391,974542,98782
740502,741602,Psyche,88909.0,4917,12849368,2770725,1658734,49391,1063451,98782
742335,743005,Dosis III,56279.0,4917,12905647,2770725,1658734,49391,1063451,98782
743554,744086,Auto,22.0,4939,12905647,2770725,1658734,49391,1063451,98782
743815,744485,Dosis III,56279.0,4939,12961926,2770725,1658734,49391,1063451,98782
747216,747886,Dosis III,49391.0,4939,13011317,2770725,1658734,49391,1063451,98782
747716,748248,Auto,21.0,4960,13011317,2770725,1658734,49391,1063451,98782
748696,749896,Toxikon II,49391.0,4960,13011317,2770725,1658734,49391,1063451,148173
